-- phpMyAdmin SQL Dump
-- version 5.2.1
-- https://www.phpmyadmin.net/
--
-- Máy chủ: 127.0.0.1
-- Thời gian đã tạo: Th7 23, 2026 lúc 06:33 AM
-- Phiên bản máy phục vụ: 10.4.32-MariaDB
-- Phiên bản PHP: 8.2.12

SET SQL_MODE = "NO_AUTO_VALUE_ON_ZERO";
START TRANSACTION;
SET time_zone = "+00:00";


/*!40101 SET @OLD_CHARACTER_SET_CLIENT=@@CHARACTER_SET_CLIENT */;
/*!40101 SET @OLD_CHARACTER_SET_RESULTS=@@CHARACTER_SET_RESULTS */;
/*!40101 SET @OLD_COLLATION_CONNECTION=@@COLLATION_CONNECTION */;
/*!40101 SET NAMES utf8mb4 */;

--
-- Cơ sở dữ liệu: `qlbandienthoai`
--

-- --------------------------------------------------------

--
-- Cấu trúc bảng cho bảng `bienthedienthoai`
--

CREATE TABLE `bienthedienthoai` (
  `maBienthe` int(11) NOT NULL,
  `maDT` int(11) NOT NULL,
  `mauSac` varchar(50) NOT NULL,
  `RAM` varchar(50) NOT NULL,
  `ROM` varchar(50) NOT NULL,
  `gia` decimal(12,2) NOT NULL,
  `soLuong` int(11) NOT NULL
) ENGINE=InnoDB DEFAULT CHARSET=utf8mb4 COLLATE=utf8mb4_general_ci;

--
-- Đang đổ dữ liệu cho bảng `bienthedienthoai`
--

INSERT INTO `bienthedienthoai` (`maBienthe`, `maDT`, `mauSac`, `RAM`, `ROM`, `gia`, `soLuong`) VALUES
(1, 1, 'Titan sa mạc', '8GB', '256GB', 22000000.00, 23),
(2, 1, 'Titan tự nhiên', ' 8GB', '256GB', 21000000.00, 15),
(3, 1, 'Titan trắng', ' 8GB', '256GB', 20000000.00, 96),
(4, 1, 'Titan đen', ' 8GB', '256GB', 19950000.00, 87),
(5, 2, 'Vàng', '12GB', '256GB', 25000000.00, 27),
(6, 2, 'Xám', '12GB', '256GB', 24000000.00, 94),
(7, 2, 'Tím', '12GB', '256GB', 26000000.00, 17),
(8, 2, 'Đen', '12GB', '256GB', 26000000.00, 19),
(9, 3, 'Titan tự nhiên', '6GB', '512GB', 17000000.00, 4),
(10, 3, 'Titan trắng', '6GB', '256GB', 16000000.00, 23),
(11, 3, 'Titan đen', '6GB', '1TB', 18000000.00, 22),
(12, 3, 'Titan xanh', '6GB', '256GB', 15000000.00, 30),
(13, 4, 'Gray', '12GB', '128GB', 16990000.00, 93),
(14, 4, 'White', '12GB', '256GB', 16990000.00, 24),
(15, 4, 'Black', '12GB', '1TB', 19990000.00, 20),
(16, 5, 'Đen', '16GB', '512GB', 24090000.00, 196),
(17, 5, 'Trắng', '16GB', '1TB', 25090000.00, 94),
(18, 5, 'Đen', '16GB', '1TB', 26090000.00, 90),
(19, 6, 'Đen', '12GB', '256GB', 18000000.00, 88),
(20, 6, 'Đen', '16GB', '512GB', 18888000.00, 90),
(21, 6, 'Đen', '24GB', '1TB', 23000000.00, 19),
(22, 7, 'Xanh', '12GB', '256GB', 12950000.00, 17),
(23, 7, 'Xanh', '16GB', '512GB', 14650000.00, 94),
(24, 7, 'Trắng', '12GB', '256GB', 12950000.00, 22),
(25, 7, 'Trắng', '16GB', '1TB', 16350000.00, 41),
(26, 7, 'Đen', '12GB', '256GB', 12950000.00, 22),
(27, 7, 'Đen', '16GB', '512GB', 14650000.00, 30),
(28, 8, 'Đen trong suốt', ' 8GB', '128GB', 14190000.00, 10),
(29, 8, 'Đen trong suốt', '12GB', '256GB', 16560000.00, 22),
(30, 8, 'Trắng trong suốt', '12GB', '256GB', 16560000.00, 22),
(31, 8, 'Trắng trong suốt', ' 8GB', '128GB', 14190000.00, 28),
(32, 9, 'Vàng', ' 8GB', '256GB', 7990000.00, 29),
(33, 9, 'Vàng', '12GB', '512GB', 8990000.00, 95),
(34, 9, 'Xám', '12GB', '256GB', 8990000.00, 26),
(35, 9, 'Xám', '8GB', '256GB', 7990000.00, 25),
(36, 10, 'Xanh dương', '12GB', '256GB', 27990000.00, 13),
(37, 10, 'Xanh dương', '12GB', '512GB', 29990000.00, 16),
(38, 10, 'Xanh dương', '12GB', '1TB', 38990000.00, 6),
(39, 10, 'Đen', '12GB', '256GB', 27990000.00, 88),
(40, 10, 'Đen', '12GB', '512GB', 29000000.00, 91),
(42, 10, 'Đen', '12GB', '256GB', 111111111.00, 91),
(43, 13, 'Cam', ' 8GB', '1TB', 70000000.00, 90),
(44, 14, 'Đen', '12GB', '256GB', 50000011.00, 99),
(46, 13, 'Trắng', ' 8GB', '256GB', 12000500.00, 99),
(47, 13, 'Titan sa mạc', '12GB', '1TB', 50000000.00, 100),
(49, 16, 'Đen', '12GB', '256GB', 10000000.00, 7),
(50, 16, 'Đen', '12GB', '256GB', 10000000.00, 100);

-- --------------------------------------------------------

--
-- Cấu trúc bảng cho bảng `chitietgiohang`
--

CREATE TABLE `chitietgiohang` (
  `maCTGH` int(11) NOT NULL,
  `maGiohang` int(11) NOT NULL,
  `maBienthe` int(11) NOT NULL,
  `soLuong` int(11) NOT NULL DEFAULT 1,
  `gia` decimal(12,2) NOT NULL
) ENGINE=InnoDB DEFAULT CHARSET=utf8mb4 COLLATE=utf8mb4_general_ci;

--
-- Đang đổ dữ liệu cho bảng `chitietgiohang`
--

INSERT INTO `chitietgiohang` (`maCTGH`, `maGiohang`, `maBienthe`, `soLuong`, `gia`) VALUES
(1, 1, 5, 2, 25000000.00),
(4, 4, 38, 2, 38990000.00),
(5, 4, 19, 3, 18000000.00),
(6, 5, 9, 1, 17000000.00),
(7, 5, 32, 1, 7990000.00),
(8, 6, 5, 5, 25000000.00),
(9, 7, 5, 1, 25000000.00),
(10, 8, 37, 1, 29990000.00),
(11, 9, 5, 2, 25000000.00),
(16, 10, 5, 4, 25000000.00),
(17, 10, 9, 1, 17000000.00),
(18, 10, 28, 4, 14190000.00),
(19, 10, 29, 1, 16560000.00),
(21, 9, 36, 11, 27990000.00),
(22, 13, 5, 2, 25000000.00),
(23, 17, 9, 1, 17000000.00),
(24, 17, 16, 1, 24090000.00),
(25, 19, 8, 2, 26000000.00),
(26, 21, 1, 1, 22000000.00),
(27, 21, 28, 1, 14190000.00),
(28, 21, 36, 1, 27990000.00);

-- --------------------------------------------------------

--
-- Cấu trúc bảng cho bảng `chitiethoadon`
--

CREATE TABLE `chitiethoadon` (
  `maDH` int(11) NOT NULL,
  `maBienthe` int(11) NOT NULL,
  `soLuong` int(11) NOT NULL,
  `gia` decimal(12,2) NOT NULL,
  `thanhTien` decimal(12,2) NOT NULL
) ENGINE=InnoDB DEFAULT CHARSET=utf8mb4 COLLATE=utf8mb4_general_ci;

--
-- Đang đổ dữ liệu cho bảng `chitiethoadon`
--

INSERT INTO `chitiethoadon` (`maDH`, `maBienthe`, `soLuong`, `gia`, `thanhTien`) VALUES
(3, 5, 2, 25000000.00, 50000000.00),
(4, 8, 1, 26000000.00, 26000000.00),
(5, 25, 2, 16350000.00, 32700000.00),
(6, 2, 1, 21000000.00, 21000000.00),
(7, 19, 3, 18000000.00, 54000000.00),
(7, 38, 2, 38990000.00, 77980000.00),
(8, 9, 1, 17000000.00, 17000000.00),
(8, 32, 1, 7990000.00, 7990000.00),
(9, 5, 1, 25000000.00, 25000000.00),
(10, 37, 1, 29990000.00, 29990000.00),
(11, 5, 5, 25000000.00, 125000000.00),
(12, 28, 1, 14190000.00, 14190000.00),
(13, 4, 1, 19950000.00, 19950000.00),
(14, 29, 1, 16560000.00, 16560000.00),
(15, 18, 2, 26090000.00, 52180000.00),
(15, 24, 2, 12950000.00, 25900000.00),
(16, 13, 1, 16990000.00, 16990000.00),
(16, 43, 2, 70000000.00, 140000000.00),
(17, 35, 1, 7990000.00, 7990000.00),
(17, 38, 2, 38990000.00, 77980000.00),
(18, 1, 1, 22000000.00, 22000000.00),
(19, 29, 1, 16560000.00, 16560000.00),
(20, 5, 2, 25000000.00, 50000000.00),
(20, 7, 1, 26000000.00, 26000000.00),
(21, 26, 1, 12950000.00, 12950000.00),
(21, 37, 2, 29990000.00, 59980000.00),
(22, 34, 2, 8990000.00, 17980000.00),
(23, 18, 2, 26090000.00, 52180000.00),
(23, 40, 2, 29000000.00, 58000000.00),
(24, 18, 2, 26090000.00, 52180000.00),
(24, 31, 2, 14190000.00, 28380000.00),
(25, 35, 1, 7990000.00, 7990000.00),
(26, 39, 1, 27990000.00, 27990000.00),
(27, 17, 1, 25090000.00, 25090000.00),
(27, 31, 2, 14190000.00, 28380000.00),
(28, 36, 2, 27990000.00, 55980000.00),
(29, 15, 2, 19990000.00, 39980000.00),
(29, 34, 1, 8990000.00, 8990000.00),
(30, 22, 2, 12950000.00, 25900000.00),
(30, 25, 2, 16350000.00, 32700000.00),
(31, 8, 1, 26000000.00, 26000000.00),
(31, 10, 2, 16000000.00, 32000000.00),
(32, 20, 1, 18888000.00, 18888000.00),
(32, 26, 2, 12950000.00, 25900000.00),
(33, 22, 1, 12950000.00, 12950000.00),
(34, 27, 1, 14650000.00, 14650000.00),
(34, 30, 2, 16560000.00, 33120000.00),
(35, 26, 2, 12950000.00, 25900000.00),
(35, 44, 1, 50000011.00, 50000011.00),
(36, 42, 1, 111111111.00, 111111111.00),
(37, 13, 2, 16990000.00, 33980000.00),
(37, 22, 1, 12950000.00, 12950000.00),
(38, 14, 2, 16990000.00, 33980000.00),
(39, 35, 2, 7990000.00, 15980000.00),
(40, 18, 1, 26090000.00, 26090000.00),
(41, 24, 1, 12950000.00, 12950000.00),
(41, 36, 2, 27990000.00, 55980000.00),
(42, 22, 1, 12950000.00, 12950000.00),
(43, 17, 1, 25090000.00, 25090000.00),
(44, 31, 1, 14190000.00, 14190000.00),
(45, 12, 1, 15000000.00, 15000000.00),
(46, 19, 2, 18000000.00, 36000000.00),
(47, 7, 1, 26000000.00, 26000000.00),
(48, 15, 1, 19990000.00, 19990000.00),
(49, 19, 2, 18000000.00, 36000000.00),
(50, 22, 2, 12950000.00, 25900000.00),
(50, 42, 2, 111111111.00, 222222222.00),
(51, 25, 2, 16350000.00, 32700000.00),
(51, 36, 1, 27990000.00, 27990000.00),
(52, 17, 2, 25090000.00, 50180000.00),
(52, 37, 1, 29990000.00, 29990000.00),
(53, 13, 2, 16990000.00, 33980000.00),
(54, 6, 2, 24000000.00, 48000000.00),
(55, 20, 2, 18888000.00, 37776000.00),
(56, 4, 1, 19950000.00, 19950000.00),
(56, 5, 2, 25000000.00, 50000000.00),
(57, 16, 2, 24090000.00, 48180000.00),
(58, 11, 2, 18000000.00, 36000000.00),
(59, 22, 2, 12950000.00, 25900000.00),
(59, 29, 2, 16560000.00, 33120000.00),
(60, 36, 2, 27990000.00, 55980000.00),
(61, 11, 1, 18000000.00, 18000000.00),
(61, 18, 1, 26090000.00, 26090000.00),
(62, 10, 2, 16000000.00, 32000000.00),
(63, 9, 1, 17000000.00, 17000000.00),
(63, 24, 1, 12950000.00, 12950000.00),
(64, 43, 2, 70000000.00, 140000000.00),
(65, 4, 2, 19950000.00, 39900000.00),
(66, 21, 1, 23000000.00, 23000000.00),
(67, 3, 2, 20000000.00, 40000000.00),
(67, 24, 1, 12950000.00, 12950000.00),
(68, 2, 1, 21000000.00, 21000000.00),
(68, 20, 1, 18888000.00, 18888000.00),
(69, 36, 1, 27990000.00, 27990000.00),
(70, 39, 1, 27990000.00, 27990000.00),
(71, 26, 1, 12950000.00, 12950000.00),
(71, 38, 1, 38990000.00, 38990000.00),
(72, 35, 1, 7990000.00, 7990000.00),
(73, 7, 2, 26000000.00, 52000000.00),
(74, 14, 1, 16990000.00, 16990000.00),
(74, 20, 2, 18888000.00, 37776000.00),
(75, 31, 1, 14190000.00, 14190000.00),
(75, 36, 2, 27990000.00, 55980000.00),
(76, 23, 2, 14650000.00, 29300000.00),
(77, 23, 1, 14650000.00, 14650000.00),
(78, 31, 2, 14190000.00, 28380000.00),
(78, 39, 2, 27990000.00, 55980000.00),
(79, 13, 2, 16990000.00, 33980000.00),
(80, 7, 1, 26000000.00, 26000000.00),
(81, 25, 1, 16350000.00, 16350000.00),
(81, 35, 1, 7990000.00, 7990000.00),
(82, 38, 1, 38990000.00, 38990000.00),
(83, 20, 1, 18888000.00, 18888000.00),
(83, 34, 1, 8990000.00, 8990000.00),
(84, 9, 2, 17000000.00, 34000000.00),
(84, 24, 1, 12950000.00, 12950000.00),
(85, 8, 2, 26000000.00, 52000000.00),
(86, 2, 1, 21000000.00, 21000000.00),
(87, 11, 1, 18000000.00, 18000000.00),
(87, 28, 1, 14190000.00, 14190000.00),
(88, 1, 2, 22000000.00, 44000000.00),
(89, 10, 1, 16000000.00, 16000000.00),
(90, 19, 1, 18000000.00, 18000000.00),
(91, 21, 1, 23000000.00, 23000000.00),
(91, 42, 2, 111111111.00, 222222222.00),
(92, 44, 1, 50000011.00, 50000011.00),
(93, 25, 2, 16350000.00, 32700000.00),
(94, 2, 2, 21000000.00, 42000000.00),
(94, 43, 2, 70000000.00, 140000000.00),
(95, 17, 2, 25090000.00, 50180000.00),
(96, 35, 1, 7990000.00, 7990000.00),
(96, 42, 2, 111111111.00, 222222222.00),
(97, 15, 1, 19990000.00, 19990000.00),
(97, 42, 1, 111111111.00, 111111111.00),
(98, 24, 2, 12950000.00, 25900000.00),
(98, 42, 2, 111111111.00, 222222222.00),
(99, 33, 1, 8990000.00, 8990000.00),
(100, 7, 2, 26000000.00, 52000000.00),
(101, 1, 1, 22000000.00, 22000000.00),
(101, 40, 1, 29000000.00, 29000000.00),
(102, 30, 1, 16560000.00, 16560000.00),
(103, 14, 1, 16990000.00, 16990000.00),
(103, 39, 2, 27990000.00, 55980000.00),
(104, 39, 2, 27990000.00, 55980000.00),
(105, 34, 2, 8990000.00, 17980000.00),
(105, 35, 2, 7990000.00, 15980000.00),
(106, 15, 1, 19990000.00, 19990000.00),
(106, 28, 1, 14190000.00, 14190000.00),
(107, 24, 2, 12950000.00, 25900000.00),
(107, 33, 1, 8990000.00, 8990000.00),
(108, 27, 1, 14650000.00, 14650000.00),
(108, 44, 2, 50000011.00, 100000022.00),
(109, 11, 2, 18000000.00, 36000000.00),
(109, 24, 1, 12950000.00, 12950000.00),
(110, 43, 2, 70000000.00, 140000000.00),
(111, 5, 2, 25000000.00, 50000000.00),
(111, 15, 1, 19990000.00, 19990000.00),
(112, 4, 2, 19950000.00, 39900000.00),
(112, 18, 2, 26090000.00, 52180000.00),
(113, 4, 2, 19950000.00, 39900000.00),
(113, 14, 1, 16990000.00, 16990000.00),
(114, 32, 2, 7990000.00, 15980000.00),
(114, 36, 2, 27990000.00, 55980000.00),
(115, 11, 1, 18000000.00, 18000000.00),
(115, 42, 1, 111111111.00, 111111111.00),
(116, 34, 2, 8990000.00, 17980000.00),
(117, 39, 2, 27990000.00, 55980000.00),
(118, 29, 1, 16560000.00, 16560000.00),
(118, 32, 1, 7990000.00, 7990000.00),
(119, 19, 1, 18000000.00, 18000000.00),
(119, 27, 1, 14650000.00, 14650000.00),
(120, 40, 2, 29000000.00, 58000000.00),
(121, 18, 2, 26090000.00, 52180000.00),
(122, 26, 2, 12950000.00, 25900000.00),
(123, 6, 2, 24000000.00, 48000000.00),
(123, 19, 1, 18000000.00, 18000000.00),
(124, 29, 2, 16560000.00, 33120000.00),
(124, 40, 1, 29000000.00, 29000000.00),
(125, 14, 1, 16990000.00, 16990000.00),
(125, 30, 1, 16560000.00, 16560000.00),
(126, 32, 2, 7990000.00, 15980000.00),
(126, 34, 1, 8990000.00, 8990000.00),
(127, 27, 4, 14650000.00, 58600000.00),
(128, 30, 2, 16560000.00, 33120000.00),
(128, 40, 1, 29000000.00, 29000000.00),
(129, 4, 1, 19950000.00, 19950000.00),
(130, 19, 2, 18000000.00, 36000000.00),
(130, 23, 2, 14650000.00, 29300000.00),
(131, 20, 2, 18888000.00, 37776000.00),
(131, 21, 1, 23000000.00, 23000000.00),
(132, 28, 1, 14190000.00, 14190000.00),
(133, 8, 1, 26000000.00, 26000000.00),
(134, 23, 1, 14650000.00, 14650000.00),
(134, 37, 1, 29990000.00, 29990000.00),
(135, 4, 2, 19950000.00, 39900000.00),
(135, 30, 2, 16560000.00, 33120000.00),
(136, 23, 1, 14650000.00, 14650000.00),
(136, 33, 1, 8990000.00, 8990000.00),
(137, 28, 1, 14190000.00, 14190000.00),
(137, 37, 1, 29990000.00, 29990000.00),
(138, 38, 2, 38990000.00, 77980000.00),
(139, 8, 2, 26000000.00, 52000000.00),
(140, 4, 2, 19950000.00, 39900000.00),
(140, 21, 2, 23000000.00, 46000000.00),
(141, 11, 2, 18000000.00, 36000000.00),
(142, 4, 2, 19950000.00, 39900000.00),
(143, 21, 1, 23000000.00, 23000000.00),
(144, 39, 1, 27990000.00, 27990000.00),
(145, 14, 2, 16990000.00, 33980000.00),
(145, 38, 1, 38990000.00, 38990000.00),
(146, 17, 2, 25090000.00, 50180000.00),
(146, 35, 1, 7990000.00, 7990000.00),
(147, 9, 1, 17000000.00, 17000000.00),
(148, 28, 1, 14190000.00, 14190000.00),
(148, 40, 2, 29000000.00, 58000000.00),
(149, 40, 2, 29000000.00, 58000000.00),
(150, 40, 2, 29000000.00, 58000000.00),
(151, 26, 2, 12950000.00, 25900000.00),
(152, 28, 1, 14190000.00, 14190000.00),
(153, 5, 1, 25000000.00, 25000000.00),
(154, 8, 1, 26000000.00, 26000000.00),
(155, 11, 2, 18000000.00, 36000000.00),
(155, 39, 2, 27990000.00, 55980000.00),
(156, 16, 1, 24090000.00, 24090000.00),
(157, 38, 1, 38990000.00, 38990000.00),
(157, 43, 2, 70000000.00, 140000000.00),
(158, 3, 1, 20000000.00, 20000000.00),
(158, 10, 2, 16000000.00, 32000000.00),
(159, 20, 2, 18888000.00, 37776000.00),
(159, 28, 1, 14190000.00, 14190000.00),
(160, 5, 2, 25000000.00, 50000000.00),
(160, 36, 2, 27990000.00, 55980000.00),
(161, 25, 2, 16350000.00, 32700000.00),
(162, 40, 2, 29000000.00, 58000000.00),
(163, 18, 2, 26090000.00, 52180000.00),
(163, 40, 1, 29000000.00, 29000000.00),
(164, 6, 2, 24000000.00, 48000000.00),
(164, 37, 2, 29990000.00, 59980000.00),
(165, 28, 1, 14190000.00, 14190000.00),
(166, 31, 1, 14190000.00, 14190000.00),
(166, 39, 2, 27990000.00, 55980000.00),
(167, 40, 2, 29000000.00, 58000000.00),
(168, 1, 1, 22000000.00, 22000000.00),
(169, 1, 2, 22000000.00, 44000000.00),
(169, 15, 1, 19990000.00, 19990000.00),
(170, 2, 1, 21000000.00, 21000000.00),
(171, 22, 2, 12950000.00, 25900000.00),
(171, 27, 1, 14650000.00, 14650000.00),
(172, 26, 2, 12950000.00, 25900000.00),
(173, 28, 2, 14190000.00, 28380000.00),
(174, 3, 1, 20000000.00, 20000000.00),
(175, 14, 1, 16990000.00, 16990000.00),
(176, 7, 1, 26000000.00, 26000000.00),
(177, 34, 2, 8990000.00, 17980000.00),
(178, 8, 1, 26000000.00, 26000000.00),
(179, 5, 4, 25000000.00, 100000000.00),
(179, 9, 1, 17000000.00, 17000000.00),
(179, 28, 4, 14190000.00, 56760000.00),
(179, 29, 1, 16560000.00, 16560000.00),
(180, 33, 3, 8990000.00, 26970000.00),
(181, 21, 2, 23000000.00, 46000000.00),
(182, 5, 2, 25000000.00, 50000000.00),
(183, 9, 1, 17000000.00, 17000000.00),
(183, 16, 1, 24090000.00, 24090000.00),
(184, 8, 2, 26000000.00, 52000000.00),
(185, 1, 1, 22000000.00, 22000000.00),
(185, 28, 1, 14190000.00, 14190000.00),
(185, 36, 1, 27990000.00, 27990000.00),
(186, 5, 2, 25000000.00, 50000000.00),
(186, 36, 11, 27990000.00, 307890000.00),
(187, 19, 1, 18000000.00, 18000000.00);

-- --------------------------------------------------------

--
-- Cấu trúc bảng cho bảng `danhgia`
--

CREATE TABLE `danhgia` (
  `maDanhGia` int(11) NOT NULL,
  `maND` int(11) NOT NULL,
  `maDT` int(11) NOT NULL,
  `soSao` int(1) NOT NULL,
  `noiDung` text DEFAULT NULL,
  `ngayDanhGia` datetime NOT NULL DEFAULT current_timestamp(),
  `trangThai` enum('Hien','An') NOT NULL DEFAULT 'Hien',
  `maDH` int(11) NOT NULL
) ENGINE=InnoDB DEFAULT CHARSET=utf8mb4 COLLATE=utf8mb4_general_ci;

--
-- Đang đổ dữ liệu cho bảng `danhgia`
--

INSERT INTO `danhgia` (`maDanhGia`, `maND`, `maDT`, `soSao`, `noiDung`, `ngayDanhGia`, `trangThai`, `maDH`) VALUES
(1, 3, 6, 5, 'Quá tuyệt vời luôn!', '2025-12-05 14:12:33', 'Hien', 181),
(2, 2, 2, 5, 'Sam Sung CHat Luong CAo', '2025-12-05 15:07:25', 'Hien', 182);

-- --------------------------------------------------------

--
-- Cấu trúc bảng cho bảng `dienthoai`
--

CREATE TABLE `dienthoai` (
  `maDT` int(11) NOT NULL,
  `tenDT` varchar(100) NOT NULL,
  `maLoai` int(11) NOT NULL,
  `anh` varchar(255) NOT NULL,
  `mota` text NOT NULL,
  `hangSx` varchar(100) NOT NULL,
  `manHinh` varchar(50) NOT NULL,
  `pin` varchar(50) NOT NULL,
  `Chip` varchar(100) NOT NULL,
  `camera` varchar(50) NOT NULL
) ENGINE=InnoDB DEFAULT CHARSET=utf8mb4 COLLATE=utf8mb4_general_ci;

--
-- Đang đổ dữ liệu cho bảng `dienthoai`
--

INSERT INTO `dienthoai` (`maDT`, `tenDT`, `maLoai`, `anh`, `mota`, `hangSx`, `manHinh`, `pin`, `Chip`, `camera`) VALUES
(1, 'Iphone 16 Pro Max', 4, 'ImageProduct/Gemini_Generated_Image_hz395rhz395rhz39.png', 'Iphone 16 Pro Max 8GB 256GB!', 'Apple', '6.5 inch', '4000 mAh', 'Apple A18 Pro', 'Chính 48 MP & Phụ 48 MP, 12 MP + 12MP'),
(2, 'Samsung Galaxy S24 Ultra', 1, 'ImageProduct/Gemini_Generated_Image_pmycihpmycihpmyc.png', 'S Pen tích hợp, kháng nước bụi IP68, khung Titanium.', 'Samsung ', 'Dynamic AMOLED 2X, 6.8 inch', '5000 mAh, sạc nhanh 45W', 'Qualcomm Snapdragon 8 Gen 3 for Galaxy (4nm)', '200MP(OIS) + 12MP + Tele 10MP, 50MP '),
(3, 'iPhone 15 Pro Max', 4, 'ImageProduct/Gemini_Generated_Image_pmycihpmycihpmyc (1).png', 'Nút Tác vụ tùy chỉnh, Dynamic Island, kháng nước bụi IP68, khung Titanium.', 'Apple', 'Super Retina XDR OLED, 6.7 inch', 'Li-Ion, sạc nhanh 20W (ước tính)', 'Apple A17 Pro (3nm)', 'Chính 48 MP, 12 MP + 12MP'),
(4, 'Google Pixel 8 Pro', 1, 'ImageProduct/Gemini_Generated_Image_pmycihpmycihpmyc (2).png', 'Cảm biến nhiệt độ, hỗ trợ cập nhật phần mềm 7 năm, các tính năng AI độc quyền của Google, kháng nước bụi IP68.', 'Google ', 'LTPO OLED, 6.7 inch', '5050 mAh, sạc nhanh 30W', 'Google Tensor G3 (4nm)', '50MP + 48MP + 48MP, 10.5MP'),
(5, 'Xiaomi 14 Ultra', 1, 'ImageProduct/Gemini_Generated_Image_pmycihpmycihpmyc (3).png', 'Hợp tác với Leica, kháng nước bụi IP68, vỏ da/gốm cao cấp.', 'Xiaomi', 'AMOLED C8, 6.73 inch', '5300 mAh, sạc nhanh có dây 90W - không dây 80W', 'Qualcomm Snapdragon 8 Gen 3 (4nm)', '50MP + 50MP + 50MP + 50MP, 32MP'),
(6, 'ASUS ROG Phone 8 Pro', 1, 'ImageProduct/Gemini_Generated_Image_pmycihpmycihpmyc (4).png', 'Nút Trigger siêu âm AirTriggers, tản nhiệt buồng hơi cải tiến, kháng nước bụi IP68, màn hình phụ AniMe Vision LED ma trận (trên bản Pro).', 'ASUS ', 'AMOLED, 6.78 inch', '5500 mAh, sạc nhanh 65W', 'Qualcomm Snapdragon 8 Gen 3 (4nm)', '50MP + 13MP + 32MP, 32MP'),
(7, 'OnePlus 12', 1, 'ImageProduct/Gemini_Generated_Image_pmycihpmycihpmyc (6).png', 'Thanh gạt cảnh báo Alert Slider, tản nhiệt VC kép, công nghệ sạc siêu nhanh.', 'OnePlus', 'LTPO AMOLED, 6.82 inch', '5400 mAh, sạc nhanh có dây 100W-không dây 50W', 'Qualcomm Snapdragon 8 Gen 3 (4nm)', '50MP(LYT-808) + 48MP + 64MP, 32MP'),
(8, 'Nothing Phone (2)', 1, 'ImageProduct/Gemini_Generated_Image_pmycihpmycihpmyc (7).png', 'Thiết kế trong suốt với giao diện Glyph Interface (LED ở mặt lưng), sạc không dây, khung nhôm tái chế.', 'Nothing Phone', 'LTPO OLED, 6.7 inch', '4700 mAh, sạc nhanh có dây 45W-không dây 15W', 'Qualcomm Snapdragon 8+ Gen 1 (4nm)', '50MP + 50MP, 32MP'),
(9, 'POCO X6 Pro', 1, 'ImageProduct/Gemini_Generated_Image_pmycihpmycihpmyc (8).png', 'Thiết kế mặt lưng giả da (trên bản màu vàng), loa kép, cảm biến vân tay dưới màn hình.', 'Xiaomi', 'AMOLED, 6.67 inch', '5000 mAh, sạc nhanh 67W', 'MediaTek Dimensity 8300-Ultra (4nm)', '64MP + 8MP + 2MP, 16MP'),
(10, 'Samsung Galaxy Z Fold5', 1, 'ImageProduct/Gemini_Generated_Image_pmycihpmycihpmyc (9).png', 'Thiết kế gập dọc, hỗ trợ S Pen (mua riêng), kháng nước IPX8, bản lề Flex cải tiến.', 'Samsung ', 'Dynamic AMOLED 2X, 7.6 inch, QXGA+(C), 6.2 inch(P)', '4400 mAh, sạc nhanh 25W', 'Qualcomm Snapdragon 8 Gen 2 for Galaxy (4nm)', '50MP + 12MP + 10MP, 10MP + 4MP'),
(13, 'Iphone 17 Pro Max', 4, 'ImageProduct/IMG_20251106_102118.jpg', 'Test', 'Apple', '6.8 inch', '5000 mAh', 'Apple A19 Pro', '200MP(OIS) + 12MP + Tele 10MP, 50MP '),
(14, 'Test', 1, 'ImageProduct/Gemini_Generated_Image_7vnzbe7vnzbe7vnz.png', 'Test', 'Apple', '6.5 inch', '5000mAh', 'Apple A18 Pro', '200MP(OIS) + 12MP + Tele 10MP, 50MP '),
(16, 'Iphone 16 Pro Max', 4, 'ImageProduct/Gemini_Generated_Image_7vnzbe7vnzbe7vnz.png', 'ZZZ', 'Apple', '6.5 inch', '4000 mAh', 'Apple A18 Pro', '200MP(OIS) + 12MP + Tele 10MP, 50MP ');

-- --------------------------------------------------------

--
-- Cấu trúc bảng cho bảng `doanhthu`
--

CREATE TABLE `doanhthu` (
  `maDTu` int(11) NOT NULL,
  `ngay` datetime NOT NULL DEFAULT current_timestamp(),
  `soTien` decimal(12,2) NOT NULL,
  `ghiChu` varchar(200) DEFAULT NULL,
  `maDH` int(11) DEFAULT NULL,
  `maND` int(11) DEFAULT NULL,
  `loaiGiaodich` varchar(50) NOT NULL
) ENGINE=InnoDB DEFAULT CHARSET=utf8mb4 COLLATE=utf8mb4_general_ci;

--
-- Đang đổ dữ liệu cho bảng `doanhthu`
--

INSERT INTO `doanhthu` (`maDTu`, `ngay`, `soTien`, `ghiChu`, `maDH`, `maND`, `loaiGiaodich`) VALUES
(5, '2025-10-24 09:18:53', 50000000.00, 'Thanh toán cho đơn hàng #3', 3, 2, 'SALE'),
(6, '2025-10-24 20:23:58', 131980000.00, 'Thanh toán cho đơn hàng #7', 7, 2, 'SALE'),
(7, '2025-10-24 21:46:19', -50000000.00, 'HOÀN TIỀN cho người dùng: Nguyễn Vân Anh (ID: 2). Lý do: Hủy hàng - hoàn tiền!', NULL, 2, 'REFUND'),
(8, '2025-10-24 22:03:02', 24990000.00, 'Thanh toán cho đơn hàng #8', 8, 2, 'SALE'),
(9, '2025-10-24 22:03:38', -24990000.00, 'HOÀN TIỀN cho người dùng: Nguyễn Vân Anh (ID: 2). Lý do: Hủy hàng - hoàn tiền!', NULL, 2, 'REFUND'),
(10, '2025-10-25 13:43:49', 25000000.00, 'Thanh toán cho đơn hàng #9', 9, 1, 'SALE'),
(11, '2025-10-31 15:30:07', 21000000.00, 'Nguyễn Vân Anhđã thanh toán cho đơn hàng #6', 6, 2, 'SALE_COD'),
(12, '2025-11-07 14:27:11', 125000000.00, 'Thanh toán cho đơn hàng #11', 11, 2, 'SALE'),
(13, '2025-11-07 15:49:32', 29990000.00, 'Admin_Dzz đã thanh toán(COD) cho đơn hàng #10', 10, 1, 'SALE_COD'),
(14, '2025-11-07 15:50:54', 32700000.00, 'Nguyễn Vân Anh đã thanh toán(COD) cho đơn hàng #5', 5, 2, 'SALE_COD'),
(15, '2025-11-07 15:51:45', 26000000.00, 'Nguyễn Vân Anh đã thanh toán(COD) cho đơn hàng #4', 4, 2, 'SALE_COD'),
(16, '2025-11-21 10:45:59', 19950000.00, 'Thanh toán cho đơn hàng #13', 13, 3, 'SALE'),
(17, '2025-03-11 12:07:31', 16560000.00, 'Thanh toán COD đơn #14', 14, 58, 'SALE_COD'),
(18, '2025-09-23 12:07:31', 156990000.00, 'Thanh toán COD đơn #16', 16, 68, 'SALE_COD'),
(19, '2025-03-09 12:07:31', 85970000.00, 'Thanh toán QR đơn #17', 17, 65, 'SALE'),
(20, '2025-10-11 12:07:31', 22000000.00, 'Thanh toán QR đơn #18', 18, 1, 'SALE'),
(21, '2025-06-08 12:07:31', 16560000.00, 'Thanh toán QR đơn #19', 19, 55, 'SALE'),
(22, '2024-12-09 12:07:31', 76000000.00, 'Thanh toán QR đơn #20', 20, 4, 'SALE'),
(23, '2025-02-02 12:07:31', 17980000.00, 'Thanh toán COD đơn #22', 22, 27, 'SALE_COD'),
(24, '2025-11-19 12:07:31', 110180000.00, 'Thanh toán QR đơn #23', 23, 45, 'SALE'),
(25, '2025-09-08 12:07:31', 80560000.00, 'Thanh toán QR đơn #24', 24, 64, 'SALE'),
(26, '2025-09-08 19:07:31', -80560000.00, 'HOÀN TIỀN QR đơn #24', NULL, 64, 'REFUND'),
(27, '2025-08-31 12:07:31', 7990000.00, 'Thanh toán QR đơn #25', 25, 36, 'SALE'),
(28, '2025-02-04 12:07:31', 27990000.00, 'Thanh toán QR đơn #26', 26, 58, 'SALE'),
(29, '2025-09-18 12:07:31', 53470000.00, 'Thanh toán QR đơn #27', 27, 65, 'SALE'),
(30, '2025-09-23 12:07:31', 55980000.00, 'Thu COD đơn #28', 28, 63, 'SALE_COD'),
(31, '2025-09-24 12:07:31', -55980000.00, 'HOÀN TIỀN COD đơn #28', NULL, 63, 'REFUND'),
(32, '2025-07-05 12:07:31', 58600000.00, 'Thanh toán QR đơn #30', 30, 23, 'SALE'),
(33, '2025-07-05 15:07:31', -58600000.00, 'HOÀN TIỀN QR đơn #30', NULL, 23, 'REFUND'),
(34, '2025-02-17 12:07:31', 58000000.00, 'Thanh toán COD đơn #31', 31, 41, 'SALE_COD'),
(35, '2025-10-07 12:07:31', 44788000.00, 'Thanh toán QR đơn #32', 32, 45, 'SALE'),
(36, '2025-10-30 12:07:31', 12950000.00, 'Thanh toán COD đơn #33', 33, 56, 'SALE_COD'),
(37, '2025-07-21 12:07:31', 47770000.00, 'Thanh toán QR đơn #34', 34, 22, 'SALE'),
(38, '2025-08-19 12:07:31', 75900011.00, 'Thanh toán QR đơn #35', 35, 40, 'SALE'),
(39, '2025-02-11 12:07:31', 111111111.00, 'Thanh toán COD đơn #36', 36, 6, 'SALE_COD'),
(40, '2025-02-11 12:07:31', 46930000.00, 'Thanh toán QR đơn #37', 37, 57, 'SALE'),
(41, '2025-02-19 12:07:31', 33980000.00, 'Thanh toán QR đơn #38', 38, 39, 'SALE'),
(42, '2025-02-20 05:07:31', -33980000.00, 'HOÀN TIỀN QR đơn #38', NULL, 39, 'REFUND'),
(43, '2025-01-07 12:07:31', 15980000.00, 'Thanh toán COD đơn #39', 39, 33, 'SALE_COD'),
(44, '2025-01-26 12:07:31', 26090000.00, 'Thanh toán QR đơn #40', 40, 25, 'SALE'),
(45, '2025-08-20 12:07:31', 68930000.00, 'Thanh toán QR đơn #41', 41, 67, 'SALE'),
(46, '2025-08-20 20:07:31', -68930000.00, 'HOÀN TIỀN QR đơn #41', NULL, 67, 'REFUND'),
(47, '2025-05-22 12:07:31', 12950000.00, 'Thanh toán QR đơn #42', 42, 42, 'SALE'),
(48, '2025-05-22 16:07:31', -12950000.00, 'HOÀN TIỀN QR đơn #42', NULL, 42, 'REFUND'),
(49, '2025-11-12 12:07:31', 25090000.00, 'Thanh toán COD đơn #43', 43, 34, 'SALE_COD'),
(50, '2025-09-22 12:07:31', 14190000.00, 'Thanh toán QR đơn #44', 44, 5, 'SALE'),
(51, '2025-10-29 12:07:31', 15000000.00, 'Thanh toán QR đơn #45', 45, 50, 'SALE'),
(52, '2025-10-19 12:07:31', 36000000.00, 'Thanh toán QR đơn #46', 46, 5, 'SALE'),
(53, '2025-10-03 12:07:31', 26000000.00, 'Thanh toán COD đơn #47', 47, 50, 'SALE_COD'),
(54, '2025-06-12 12:07:31', 19990000.00, 'Thanh toán QR đơn #48', 48, 34, 'SALE'),
(55, '2025-04-24 12:07:31', 36000000.00, 'Thanh toán QR đơn #49', 49, 37, 'SALE'),
(56, '2025-06-07 12:07:31', 248122222.00, 'Thanh toán COD đơn #50', 50, 67, 'SALE_COD'),
(57, '2025-08-10 12:07:31', 60690000.00, 'Thanh toán QR đơn #51', 51, 59, 'SALE'),
(58, '2025-10-16 12:07:31', 80170000.00, 'Thanh toán QR đơn #52', 52, 5, 'SALE'),
(59, '2025-10-17 08:07:31', -80170000.00, 'HOÀN TIỀN QR đơn #52', NULL, 5, 'REFUND'),
(60, '2025-09-06 12:07:31', 33980000.00, 'Thu COD đơn #53', 53, 46, 'SALE_COD'),
(61, '2025-09-07 12:07:31', -33980000.00, 'HOÀN TIỀN COD đơn #53', NULL, 46, 'REFUND'),
(62, '2025-08-31 12:07:31', 48000000.00, 'Thanh toán COD đơn #54', 54, 41, 'SALE_COD'),
(63, '2025-09-16 12:07:31', 37776000.00, 'Thanh toán QR đơn #55', 55, 63, 'SALE'),
(64, '2025-09-08 12:07:31', 69950000.00, 'Thanh toán QR đơn #56', 56, 26, 'SALE'),
(65, '2025-09-11 12:07:31', -69950000.00, 'HOÀN TIỀN QR đơn #56', NULL, 26, 'REFUND'),
(66, '2025-02-26 12:07:31', 48180000.00, 'Thanh toán COD đơn #57', 57, 66, 'SALE_COD'),
(67, '2025-06-10 12:07:31', 36000000.00, 'Thanh toán QR đơn #58', 58, 39, 'SALE'),
(68, '2025-06-11 10:07:31', -36000000.00, 'HOÀN TIỀN QR đơn #58', NULL, 39, 'REFUND'),
(69, '2025-10-08 12:07:31', 59020000.00, 'Thanh toán QR đơn #59', 59, 37, 'SALE'),
(70, '2025-09-29 12:07:31', 55980000.00, 'Thanh toán COD đơn #60', 60, 62, 'SALE_COD'),
(71, '2024-12-26 12:07:31', 44090000.00, 'Thanh toán QR đơn #61', 61, 58, 'SALE'),
(72, '2025-10-11 12:07:31', 32000000.00, 'Thanh toán COD đơn #62', 62, 5, 'SALE_COD'),
(73, '2025-11-10 12:07:31', 29950000.00, 'Thanh toán COD đơn #63', 63, 60, 'SALE_COD'),
(74, '2025-10-21 12:07:31', 140000000.00, 'Thanh toán COD đơn #64', 64, 21, 'SALE_COD'),
(75, '2025-09-22 12:07:31', 23000000.00, 'Thanh toán QR đơn #66', 66, 29, 'SALE'),
(76, '2025-09-22 12:07:31', -23000000.00, 'HOÀN TIỀN QR đơn #66', NULL, 29, 'REFUND'),
(77, '2025-03-29 12:07:31', 52950000.00, 'Thanh toán QR đơn #67', 67, 26, 'SALE'),
(78, '2025-10-12 12:07:31', 27990000.00, 'Thanh toán QR đơn #69', 69, 55, 'SALE'),
(79, '2025-10-19 12:07:31', 27990000.00, 'Thanh toán COD đơn #70', 70, 31, 'SALE_COD'),
(80, '2025-08-02 12:07:31', 7990000.00, 'Thanh toán QR đơn #72', 72, 62, 'SALE'),
(81, '2025-08-03 01:07:31', -7990000.00, 'HOÀN TIỀN QR đơn #72', NULL, 62, 'REFUND'),
(82, '2025-09-04 12:07:31', 52000000.00, 'Thanh toán QR đơn #73', 73, 54, 'SALE'),
(83, '2025-10-01 12:07:31', 54766000.00, 'Thanh toán COD đơn #74', 74, 22, 'SALE_COD'),
(84, '2025-01-24 12:07:31', 70170000.00, 'Thanh toán QR đơn #75', 75, 67, 'SALE'),
(85, '2025-01-24 22:07:31', -70170000.00, 'HOÀN TIỀN QR đơn #75', NULL, 67, 'REFUND'),
(86, '2025-03-24 12:07:31', 29300000.00, 'Thanh toán COD đơn #76', 76, 39, 'SALE_COD'),
(87, '2025-09-11 12:09:43', 84360000.00, 'Thanh toán COD đơn #78', 78, 38, 'SALE_COD'),
(88, '2025-05-05 12:09:43', 33980000.00, 'Thu COD đơn #79', 79, 41, 'SALE_COD'),
(89, '2025-05-06 12:09:43', -33980000.00, 'HOÀN TIỀN COD đơn #79', NULL, 41, 'REFUND'),
(90, '2025-07-07 12:09:43', 26000000.00, 'Thanh toán COD đơn #80', 80, 57, 'SALE_COD'),
(91, '2025-03-21 12:09:43', 24340000.00, 'Thanh toán QR đơn #81', 81, 43, 'SALE'),
(92, '2025-06-14 12:09:43', 38990000.00, 'Thanh toán COD đơn #82', 82, 36, 'SALE_COD'),
(93, '2025-03-01 12:09:43', 27878000.00, 'Thanh toán COD đơn #83', 83, 40, 'SALE_COD'),
(94, '2025-02-04 12:09:43', 46950000.00, 'Thanh toán QR đơn #84', 84, 54, 'SALE'),
(95, '2025-05-01 12:09:43', 52000000.00, 'Thanh toán QR đơn #85', 85, 62, 'SALE'),
(96, '2025-05-28 12:09:43', 21000000.00, 'Thanh toán QR đơn #86', 86, 43, 'SALE'),
(97, '2025-07-22 12:09:43', 44000000.00, 'Thanh toán QR đơn #88', 88, 67, 'SALE'),
(98, '2025-01-17 12:09:43', 16000000.00, 'Thanh toán QR đơn #89', 89, 53, 'SALE'),
(99, '2025-11-02 12:09:43', 245222222.00, 'Thanh toán QR đơn #91', 91, 34, 'SALE'),
(100, '2025-08-30 12:09:43', 50000011.00, 'Thanh toán QR đơn #92', 92, 1, 'SALE'),
(101, '2025-08-30 19:09:43', -50000011.00, 'HOÀN TIỀN QR đơn #92', NULL, 1, 'REFUND'),
(102, '2025-08-21 12:09:43', 32700000.00, 'Thanh toán COD đơn #93', 93, 53, 'SALE_COD'),
(103, '2025-04-19 12:09:43', 182000000.00, 'Thanh toán QR đơn #94', 94, 6, 'SALE'),
(104, '2025-08-19 12:09:43', 50180000.00, 'Thanh toán COD đơn #95', 95, 66, 'SALE_COD'),
(105, '2025-08-25 12:09:43', 131101111.00, 'Thanh toán QR đơn #97', 97, 46, 'SALE'),
(106, '2025-03-10 12:09:43', 248122222.00, 'Thanh toán QR đơn #98', 98, 39, 'SALE'),
(107, '2025-04-24 12:09:43', 8990000.00, 'Thanh toán COD đơn #99', 99, 50, 'SALE_COD'),
(108, '2025-05-15 12:09:43', 52000000.00, 'Thanh toán COD đơn #100', 100, 3, 'SALE_COD'),
(109, '2025-03-25 12:09:43', 51000000.00, 'Thanh toán QR đơn #101', 101, 48, 'SALE'),
(110, '2025-03-26 09:09:43', -51000000.00, 'HOÀN TIỀN QR đơn #101', NULL, 48, 'REFUND'),
(111, '2025-11-15 12:09:43', 16560000.00, 'Thanh toán QR đơn #102', 102, 25, 'SALE'),
(112, '2025-11-10 12:09:43', 72970000.00, 'Thanh toán QR đơn #103', 103, 65, 'SALE'),
(113, '2025-11-10 19:09:43', -72970000.00, 'HOÀN TIỀN QR đơn #103', NULL, 65, 'REFUND'),
(114, '2025-11-06 12:09:43', 55980000.00, 'Thanh toán QR đơn #104', 104, 61, 'SALE'),
(115, '2025-01-22 12:09:43', 33960000.00, 'Thanh toán QR đơn #105', 105, 36, 'SALE'),
(116, '2025-01-25 12:09:43', -33960000.00, 'HOÀN TIỀN QR đơn #105', NULL, 36, 'REFUND'),
(117, '2025-11-10 12:09:43', 34180000.00, 'Thanh toán QR đơn #106', 106, 30, 'SALE'),
(118, '2025-11-14 12:09:43', -34180000.00, 'HOÀN TIỀN QR đơn #106', NULL, 30, 'REFUND'),
(119, '2025-09-10 12:09:43', 34890000.00, 'Thanh toán QR đơn #107', 107, 39, 'SALE'),
(120, '2025-02-15 12:09:43', 48950000.00, 'Thanh toán QR đơn #109', 109, 61, 'SALE'),
(121, '2025-08-16 12:09:43', 140000000.00, 'Thu COD đơn #110', 110, 46, 'SALE_COD'),
(122, '2025-08-17 12:09:43', -140000000.00, 'HOÀN TIỀN COD đơn #110', NULL, 46, 'REFUND'),
(123, '2025-11-02 12:09:43', 69990000.00, 'Thanh toán QR đơn #111', 111, 23, 'SALE'),
(124, '2025-02-06 12:09:43', 92080000.00, 'Thanh toán COD đơn #112', 112, 62, 'SALE_COD'),
(125, '2025-07-11 12:09:43', 56890000.00, 'Thanh toán COD đơn #113', 113, 65, 'SALE_COD'),
(126, '2025-02-12 12:09:43', 71960000.00, 'Thanh toán QR đơn #114', 114, 5, 'SALE'),
(127, '2025-02-13 07:09:43', -71960000.00, 'HOÀN TIỀN QR đơn #114', NULL, 5, 'REFUND'),
(128, '2025-09-05 12:09:43', 129111111.00, 'Thanh toán COD đơn #115', 115, 40, 'SALE_COD'),
(129, '2025-01-07 12:09:43', 55980000.00, 'Thanh toán COD đơn #117', 117, 49, 'SALE_COD'),
(130, '2025-05-28 12:09:43', 24550000.00, 'Thanh toán QR đơn #118', 118, 6, 'SALE'),
(131, '2025-09-26 12:09:43', 32650000.00, 'Thanh toán COD đơn #119', 119, 47, 'SALE_COD'),
(132, '2025-03-01 12:09:43', 58000000.00, 'Thanh toán QR đơn #120', 120, 3, 'SALE'),
(133, '2025-03-02 11:09:43', -58000000.00, 'HOÀN TIỀN QR đơn #120', NULL, 3, 'REFUND'),
(134, '2024-12-31 12:09:43', 52180000.00, 'Thanh toán COD đơn #121', 121, 40, 'SALE_COD'),
(135, '2025-08-07 12:09:43', 66000000.00, 'Thanh toán QR đơn #123', 123, 1, 'SALE'),
(136, '2025-08-10 12:09:43', -66000000.00, 'HOÀN TIỀN QR đơn #123', NULL, 1, 'REFUND'),
(137, '2025-09-23 12:09:43', 62120000.00, 'Thanh toán COD đơn #124', 124, 21, 'SALE_COD'),
(138, '2025-06-21 12:09:43', 33550000.00, 'Thanh toán QR đơn #125', 125, 65, 'SALE'),
(139, '2025-06-23 12:09:43', -33550000.00, 'HOÀN TIỀN QR đơn #125', NULL, 65, 'REFUND'),
(140, '2025-02-08 12:09:44', 58600000.00, 'Thanh toán QR đơn #127', 127, 60, 'SALE'),
(141, '2025-02-08 22:09:44', -58600000.00, 'HOÀN TIỀN QR đơn #127', NULL, 60, 'REFUND'),
(142, '2025-03-26 12:09:44', 62120000.00, 'Thanh toán QR đơn #128', 128, 57, 'SALE'),
(143, '2025-11-02 12:09:44', 19950000.00, 'Thanh toán COD đơn #129', 129, 2, 'SALE_COD'),
(144, '2025-05-31 12:09:44', 65300000.00, 'Thanh toán QR đơn #130', 130, 2, 'SALE'),
(145, '2025-06-02 12:09:44', -65300000.00, 'HOÀN TIỀN QR đơn #130', NULL, 2, 'REFUND'),
(146, '2025-05-23 12:09:44', 60776000.00, 'Thanh toán COD đơn #131', 131, 48, 'SALE_COD'),
(147, '2025-06-05 12:09:44', 14190000.00, 'Thanh toán QR đơn #132', 132, 27, 'SALE'),
(148, '2025-06-05 20:09:44', -14190000.00, 'HOÀN TIỀN QR đơn #132', NULL, 27, 'REFUND'),
(149, '2025-07-13 12:09:44', 26000000.00, 'Thanh toán QR đơn #133', 133, 51, 'SALE'),
(150, '2025-06-29 12:09:44', 44640000.00, 'Thanh toán QR đơn #134', 134, 61, 'SALE'),
(151, '2025-03-03 12:09:44', 73020000.00, 'Thanh toán QR đơn #135', 135, 56, 'SALE'),
(152, '2025-09-23 12:09:44', 23640000.00, 'Thanh toán QR đơn #136', 136, 26, 'SALE'),
(153, '2025-09-23 14:09:44', -23640000.00, 'HOÀN TIỀN QR đơn #136', NULL, 26, 'REFUND'),
(154, '2025-04-07 12:09:44', 77980000.00, 'Thanh toán QR đơn #138', 138, 65, 'SALE'),
(155, '2024-11-27 12:09:44', 52000000.00, 'Thanh toán QR đơn #139', 139, 26, 'SALE'),
(156, '2025-04-23 12:09:44', 85900000.00, 'Thanh toán COD đơn #140', 140, 50, 'SALE_COD'),
(157, '2025-01-12 12:09:44', 36000000.00, 'Thanh toán QR đơn #141', 141, 64, 'SALE'),
(158, '2025-02-21 12:09:44', 39900000.00, 'Thanh toán COD đơn #142', 142, 39, 'SALE_COD'),
(159, '2025-06-14 12:09:44', 23000000.00, 'Thanh toán QR đơn #143', 143, 45, 'SALE'),
(160, '2025-06-14 17:09:44', -23000000.00, 'HOÀN TIỀN QR đơn #143', NULL, 45, 'REFUND'),
(161, '2025-07-03 12:09:44', 72970000.00, 'Thanh toán COD đơn #145', 145, 67, 'SALE_COD'),
(162, '2025-08-23 12:09:44', 58170000.00, 'Thanh toán QR đơn #146', 146, 26, 'SALE'),
(163, '2025-07-15 12:09:44', 17000000.00, 'Thanh toán QR đơn #147', 147, 2, 'SALE'),
(164, '2025-05-19 12:09:44', 72190000.00, 'Thanh toán COD đơn #148', 148, 52, 'SALE_COD'),
(165, '2025-04-03 12:09:44', 58000000.00, 'Thanh toán COD đơn #149', 149, 44, 'SALE_COD'),
(166, '2025-01-07 12:09:44', 25900000.00, 'Thanh toán COD đơn #151', 151, 57, 'SALE_COD'),
(167, '2025-01-21 12:09:44', 14190000.00, 'Thanh toán COD đơn #152', 152, 45, 'SALE_COD'),
(168, '2024-12-16 12:09:44', 25000000.00, 'Thanh toán COD đơn #153', 153, 61, 'SALE_COD'),
(169, '2025-03-15 12:09:44', 26000000.00, 'Thanh toán COD đơn #154', 154, 37, 'SALE_COD'),
(170, '2025-10-19 12:09:44', 91980000.00, 'Thanh toán QR đơn #155', 155, 4, 'SALE'),
(171, '2024-12-12 12:09:44', 24090000.00, 'Thanh toán QR đơn #156', 156, 51, 'SALE'),
(172, '2024-12-18 12:09:44', 178990000.00, 'Thanh toán QR đơn #157', 157, 58, 'SALE'),
(173, '2025-06-20 12:09:44', 52000000.00, 'Thanh toán COD đơn #158', 158, 52, 'SALE_COD'),
(174, '2025-06-11 12:09:44', 51966000.00, 'Thanh toán COD đơn #159', 159, 22, 'SALE_COD'),
(175, '2024-12-05 12:09:44', 105980000.00, 'Thanh toán COD đơn #160', 160, 27, 'SALE_COD'),
(176, '2025-06-19 12:09:44', 32700000.00, 'Thanh toán QR đơn #161', 161, 26, 'SALE'),
(177, '2025-05-12 12:09:44', 58000000.00, 'Thanh toán QR đơn #162', 162, 1, 'SALE'),
(178, '2025-05-12 15:09:44', -58000000.00, 'HOÀN TIỀN QR đơn #162', NULL, 1, 'REFUND'),
(179, '2025-08-14 12:09:44', 81180000.00, 'Thanh toán COD đơn #163', 163, 39, 'SALE_COD'),
(180, '2025-06-02 12:09:44', 107980000.00, 'Thanh toán QR đơn #164', 164, 56, 'SALE'),
(181, '2025-06-10 12:09:44', 14190000.00, 'Thanh toán QR đơn #165', 165, 42, 'SALE'),
(182, '2025-06-10 20:09:44', -14190000.00, 'HOÀN TIỀN QR đơn #165', NULL, 42, 'REFUND'),
(183, '2025-10-28 12:09:44', 70170000.00, 'Thanh toán QR đơn #166', 166, 45, 'SALE'),
(184, '2025-04-23 12:09:44', 22000000.00, 'Thu COD đơn #168', 168, 24, 'SALE_COD'),
(185, '2025-04-24 12:09:44', -22000000.00, 'HOÀN TIỀN COD đơn #168', NULL, 24, 'REFUND'),
(186, '2025-04-05 12:09:44', 63990000.00, 'Thanh toán QR đơn #169', 169, 33, 'SALE'),
(187, '2025-08-07 12:09:44', 21000000.00, 'Thanh toán COD đơn #170', 170, 45, 'SALE_COD'),
(188, '2025-04-11 12:09:44', 40550000.00, 'Thanh toán COD đơn #171', 171, 30, 'SALE_COD'),
(189, '2025-01-01 12:09:44', 25900000.00, 'Thanh toán QR đơn #172', 172, 36, 'SALE'),
(190, '2024-12-18 12:09:44', 28380000.00, 'Thanh toán COD đơn #173', 173, 46, 'SALE_COD'),
(191, '2025-04-09 12:09:44', 20000000.00, 'Thanh toán COD đơn #174', 174, 59, 'SALE_COD'),
(192, '2025-01-01 12:09:44', 16990000.00, 'Thanh toán COD đơn #175', 175, 59, 'SALE_COD'),
(193, '2025-06-18 12:09:44', 26000000.00, 'Thanh toán QR đơn #176', 176, 64, 'SALE'),
(194, '2025-04-27 12:09:44', 17980000.00, 'Thanh toán COD đơn #177', 177, 58, 'SALE_COD'),
(195, '2025-11-22 13:04:12', 190320000.00, 'Thanh toán cho đơn hàng #179', 179, 2, 'SALE'),
(196, '2025-11-22 13:55:03', 26970000.00, 'Thanh toán cho đơn hàng #180', 180, 3, 'SALE'),
(197, '2025-11-22 13:55:42', 46000000.00, 'Thanh toán cho đơn hàng #181', 181, 3, 'SALE'),
(198, '2025-12-05 13:46:05', 50000000.00, 'Thanh toán cho đơn hàng #182', 182, 2, 'SALE'),
(199, '2025-12-05 15:09:12', 64180000.00, 'Khách Hàng 4803 đã thanh toán(COD) cho đơn hàng #185', 185, 20, 'SALE_COD'),
(200, '2025-12-05 15:09:12', 52000000.00, 'Khách Hàng 1931 đã thanh toán(COD) cho đơn hàng #184', 184, 19, 'SALE_COD'),
(201, '2025-12-05 15:09:12', 41090000.00, 'Khách Hàng 4 đã thanh toán(COD) cho đơn hàng #183', 183, 4, 'SALE_COD'),
(202, '2025-12-05 15:09:12', 26000000.00, 'Nguyễn Vân Anh đã thanh toán(COD) cho đơn hàng #178', 178, 2, 'SALE_COD'),
(203, '2025-12-05 15:09:12', 14190000.00, 'Nguyễn Vân Anh đã thanh toán(COD) cho đơn hàng #12', 12, 2, 'SALE_COD');

-- --------------------------------------------------------

--
-- Cấu trúc bảng cho bảng `donhang`
--

CREATE TABLE `donhang` (
  `maDH` int(11) NOT NULL,
  `maND` int(11) NOT NULL,
  `ngayDH` datetime NOT NULL,
  `trangThai` enum('Chờ xác nhận','Đang giao','Hoàn tất','Hủy','Đã giao') NOT NULL,
  `tongTien` decimal(12,2) NOT NULL,
  `ngayGiao` datetime DEFAULT NULL,
  `ngayHoantat` datetime DEFAULT NULL,
  `phuongThucTT` varchar(50) NOT NULL,
  `trangThaiTT` varchar(50) NOT NULL,
  `diaChigiao` varchar(200) NOT NULL,
  `ghiChu` text DEFAULT NULL
) ENGINE=InnoDB DEFAULT CHARSET=utf8mb4 COLLATE=utf8mb4_general_ci;

--
-- Đang đổ dữ liệu cho bảng `donhang`
--

INSERT INTO `donhang` (`maDH`, `maND`, `ngayDH`, `trangThai`, `tongTien`, `ngayGiao`, `ngayHoantat`, `phuongThucTT`, `trangThaiTT`, `diaChigiao`, `ghiChu`) VALUES
(3, 2, '2025-10-24 00:00:00', 'Hủy', 50000000.00, NULL, NULL, 'QR', 'Hoàn tiền', 'Xóm 12 - Hải Thắng - Minh Thái - Ninh Bình', NULL),
(4, 2, '2025-10-24 00:00:00', 'Hoàn tất', 26000000.00, '2025-11-07 15:51:45', '2025-11-16 13:33:56', 'COD', 'Đã thanh toán', 'Xóm 12 - Hải Thắng - Minh Thái - Ninh Bình', NULL),
(5, 2, '2025-10-24 00:00:00', 'Hoàn tất', 32700000.00, '2025-11-07 15:50:54', '2025-11-16 13:33:56', 'COD', 'Đã thanh toán', 'Xóm 12 - Hải Thắng - Minh Thái - Ninh Bình', NULL),
(6, 2, '2025-10-24 00:00:00', 'Hoàn tất', 21000000.00, '2025-11-05 15:49:32', '2025-11-07 16:48:14', 'COD', 'Đã thanh toán', 'Xóm 12 - Hải Thắng - Minh Thái - Ninh Bình', NULL),
(7, 2, '2025-10-24 20:23:58', 'Đã giao', 131980000.00, '2025-12-05 15:09:12', NULL, 'QR', 'Đã thanh toán', 'Xóm 12 - Hải Thắng - Minh Thái - Ninh Bình', NULL),
(8, 2, '2025-10-24 22:03:02', 'Hủy', 24990000.00, NULL, NULL, 'QR', 'Hoàn tiền', 'Xóm 12 - Hải Thắng - Minh Thái - Ninh Bình', NULL),
(9, 1, '2025-10-25 13:43:49', 'Hoàn tất', 25000000.00, '2025-11-07 15:58:49', '2025-11-16 13:33:56', 'QR', 'Đã thanh toán', 'Hoàng Mai - Hà Nội', NULL),
(10, 1, '2025-10-25 13:49:45', 'Hoàn tất', 29990000.00, '2025-11-07 15:49:32', '2025-11-16 13:33:56', 'COD', 'Đã thanh toán', 'Hoàng Mai - Hà Nội', NULL),
(11, 2, '2025-11-07 14:27:11', 'Hoàn tất', 125000000.00, '2025-11-07 15:58:49', '2025-11-16 13:33:56', 'QR', 'Đã thanh toán', 'Xóm 12 - Hải Thắng - Minh Thái - Ninh Bình', NULL),
(12, 2, '2025-11-07 14:49:44', 'Đã giao', 14190000.00, '2025-12-05 15:09:12', NULL, 'COD', 'Đã thanh toán', 'Xóm 12 - Hải Thắng - Minh Thái - Ninh Bình', NULL),
(13, 3, '2025-11-21 10:45:59', 'Đã giao', 19950000.00, '2025-12-05 15:09:12', NULL, 'QR', 'Đã thanh toán', 'Nghệ An', NULL),
(14, 58, '2025-03-09 12:07:31', 'Hoàn tất', 16560000.00, '2025-03-11 12:07:31', '2025-03-12 12:07:31', 'COD', 'Đã thanh toán', 'Địa chỉ Auto Gen', NULL),
(15, 31, '2025-10-09 12:07:31', 'Hủy', 78080000.00, NULL, NULL, 'COD', 'Chưa thanh toán', 'Địa chỉ Auto Gen', NULL),
(16, 68, '2025-09-20 12:07:31', 'Hoàn tất', 156990000.00, '2025-09-23 12:07:31', '2025-09-24 12:07:31', 'COD', 'Đã thanh toán', 'Địa chỉ Auto Gen', NULL),
(17, 65, '2025-03-09 12:07:31', 'Hoàn tất', 85970000.00, '2025-03-12 12:07:31', '2025-03-13 12:07:31', 'QR', 'Đã thanh toán', 'Địa chỉ Auto Gen', NULL),
(18, 1, '2025-10-11 12:07:31', 'Hoàn tất', 22000000.00, '2025-10-14 12:07:31', '2025-10-15 12:07:31', 'QR', 'Đã thanh toán', 'Địa chỉ Auto Gen', NULL),
(19, 55, '2025-06-08 12:07:31', 'Hoàn tất', 16560000.00, '2025-06-10 12:07:31', '2025-06-11 12:07:31', 'QR', 'Đã thanh toán', 'Địa chỉ Auto Gen', NULL),
(20, 4, '2024-12-09 12:07:31', 'Hoàn tất', 76000000.00, '2024-12-10 12:07:31', '2024-12-11 12:07:31', 'QR', 'Đã thanh toán', 'Địa chỉ Auto Gen', NULL),
(21, 44, '2025-04-12 12:07:31', 'Hủy', 72930000.00, NULL, NULL, 'COD', 'Chưa thanh toán', 'Địa chỉ Auto Gen', NULL),
(22, 27, '2025-01-31 12:07:31', 'Hoàn tất', 17980000.00, '2025-02-02 12:07:31', '2025-02-03 12:07:31', 'COD', 'Đã thanh toán', 'Địa chỉ Auto Gen', NULL),
(23, 45, '2025-11-19 12:07:31', 'Hoàn tất', 110180000.00, '2025-11-20 12:07:31', '2025-11-21 12:07:31', 'QR', 'Đã thanh toán', 'Địa chỉ Auto Gen', NULL),
(24, 64, '2025-09-08 12:07:31', 'Hủy', 80560000.00, NULL, NULL, 'QR', 'Hoàn tiền', 'Địa chỉ Auto Gen', NULL),
(25, 36, '2025-08-31 12:07:31', 'Hoàn tất', 7990000.00, '2025-09-02 12:07:31', '2025-09-03 12:07:31', 'QR', 'Đã thanh toán', 'Địa chỉ Auto Gen', NULL),
(26, 58, '2025-02-04 12:07:31', 'Hoàn tất', 27990000.00, '2025-02-05 12:07:31', '2025-02-06 12:07:31', 'QR', 'Đã thanh toán', 'Địa chỉ Auto Gen', NULL),
(27, 65, '2025-09-18 12:07:31', 'Hoàn tất', 53470000.00, '2025-09-19 12:07:31', '2025-09-20 12:07:31', 'QR', 'Đã thanh toán', 'Địa chỉ Auto Gen', NULL),
(28, 63, '2025-09-22 12:07:31', 'Hủy', 55980000.00, '2025-09-23 12:07:31', NULL, 'COD', 'Hoàn tiền', 'Địa chỉ Auto Gen', NULL),
(29, 24, '2025-01-21 12:07:31', 'Hủy', 48970000.00, NULL, NULL, 'COD', 'Chưa thanh toán', 'Địa chỉ Auto Gen', NULL),
(30, 23, '2025-07-05 12:07:31', 'Hủy', 58600000.00, NULL, NULL, 'QR', 'Hoàn tiền', 'Địa chỉ Auto Gen', NULL),
(31, 41, '2025-02-14 12:07:31', 'Hoàn tất', 58000000.00, '2025-02-17 12:07:31', '2025-02-18 12:07:31', 'COD', 'Đã thanh toán', 'Địa chỉ Auto Gen', NULL),
(32, 45, '2025-10-07 12:07:31', 'Hoàn tất', 44788000.00, '2025-10-08 12:07:31', '2025-10-09 12:07:31', 'QR', 'Đã thanh toán', 'Địa chỉ Auto Gen', NULL),
(33, 56, '2025-10-27 12:07:31', 'Hoàn tất', 12950000.00, '2025-10-30 12:07:31', '2025-10-31 12:07:31', 'COD', 'Đã thanh toán', 'Địa chỉ Auto Gen', NULL),
(34, 22, '2025-07-21 12:07:31', 'Hoàn tất', 47770000.00, '2025-07-23 12:07:31', '2025-07-24 12:07:31', 'QR', 'Đã thanh toán', 'Địa chỉ Auto Gen', NULL),
(35, 40, '2025-08-19 12:07:31', 'Hoàn tất', 75900011.00, '2025-08-20 12:07:31', '2025-08-21 12:07:31', 'QR', 'Đã thanh toán', 'Địa chỉ Auto Gen', NULL),
(36, 6, '2025-02-10 12:07:31', 'Hoàn tất', 111111111.00, '2025-02-11 12:07:31', '2025-02-12 12:07:31', 'COD', 'Đã thanh toán', 'Địa chỉ Auto Gen', NULL),
(37, 57, '2025-02-11 12:07:31', 'Hoàn tất', 46930000.00, '2025-02-12 12:07:31', '2025-02-13 12:07:31', 'QR', 'Đã thanh toán', 'Địa chỉ Auto Gen', NULL),
(38, 39, '2025-02-19 12:07:31', 'Hủy', 33980000.00, NULL, NULL, 'QR', 'Hoàn tiền', 'Địa chỉ Auto Gen', NULL),
(39, 33, '2025-01-05 12:07:31', 'Hoàn tất', 15980000.00, '2025-01-07 12:07:31', '2025-01-08 12:07:31', 'COD', 'Đã thanh toán', 'Địa chỉ Auto Gen', NULL),
(40, 25, '2025-01-26 12:07:31', 'Hoàn tất', 26090000.00, '2025-01-27 12:07:31', '2025-01-28 12:07:31', 'QR', 'Đã thanh toán', 'Địa chỉ Auto Gen', NULL),
(41, 67, '2025-08-20 12:07:31', 'Hủy', 68930000.00, NULL, NULL, 'QR', 'Hoàn tiền', 'Địa chỉ Auto Gen', NULL),
(42, 42, '2025-05-22 12:07:31', 'Hủy', 12950000.00, NULL, NULL, 'QR', 'Hoàn tiền', 'Địa chỉ Auto Gen', NULL),
(43, 34, '2025-11-09 12:07:31', 'Hoàn tất', 25090000.00, '2025-11-12 12:07:31', '2025-11-13 12:07:31', 'COD', 'Đã thanh toán', 'Địa chỉ Auto Gen', NULL),
(44, 5, '2025-09-22 12:07:31', 'Hoàn tất', 14190000.00, '2025-09-25 12:07:31', '2025-09-26 12:07:31', 'QR', 'Đã thanh toán', 'Địa chỉ Auto Gen', NULL),
(45, 50, '2025-10-29 12:07:31', 'Hoàn tất', 15000000.00, '2025-11-01 12:07:31', '2025-11-02 12:07:31', 'QR', 'Đã thanh toán', 'Địa chỉ Auto Gen', NULL),
(46, 5, '2025-10-19 12:07:31', 'Hoàn tất', 36000000.00, '2025-10-20 12:07:31', '2025-10-21 12:07:31', 'QR', 'Đã thanh toán', 'Địa chỉ Auto Gen', NULL),
(47, 50, '2025-09-30 12:07:31', 'Hoàn tất', 26000000.00, '2025-10-03 12:07:31', '2025-10-04 12:07:31', 'COD', 'Đã thanh toán', 'Địa chỉ Auto Gen', NULL),
(48, 34, '2025-06-12 12:07:31', 'Hoàn tất', 19990000.00, '2025-06-14 12:07:31', '2025-06-15 12:07:31', 'QR', 'Đã thanh toán', 'Địa chỉ Auto Gen', NULL),
(49, 37, '2025-04-24 12:07:31', 'Hoàn tất', 36000000.00, '2025-04-27 12:07:31', '2025-04-28 12:07:31', 'QR', 'Đã thanh toán', 'Địa chỉ Auto Gen', NULL),
(50, 67, '2025-06-04 12:07:31', 'Hoàn tất', 248122222.00, '2025-06-07 12:07:31', '2025-06-08 12:07:31', 'COD', 'Đã thanh toán', 'Địa chỉ Auto Gen', NULL),
(51, 59, '2025-08-10 12:07:31', 'Hoàn tất', 60690000.00, '2025-08-12 12:07:31', '2025-08-13 12:07:31', 'QR', 'Đã thanh toán', 'Địa chỉ Auto Gen', NULL),
(52, 5, '2025-10-16 12:07:31', 'Hủy', 80170000.00, NULL, NULL, 'QR', 'Hoàn tiền', 'Địa chỉ Auto Gen', NULL),
(53, 46, '2025-09-05 12:07:31', 'Hủy', 33980000.00, '2025-09-06 12:07:31', NULL, 'COD', 'Hoàn tiền', 'Địa chỉ Auto Gen', NULL),
(54, 41, '2025-08-29 12:07:31', 'Hoàn tất', 48000000.00, '2025-08-31 12:07:31', '2025-09-01 12:07:31', 'COD', 'Đã thanh toán', 'Địa chỉ Auto Gen', NULL),
(55, 63, '2025-09-16 12:07:31', 'Hoàn tất', 37776000.00, '2025-09-19 12:07:31', '2025-09-20 12:07:31', 'QR', 'Đã thanh toán', 'Địa chỉ Auto Gen', NULL),
(56, 26, '2025-09-08 12:07:31', 'Hủy', 69950000.00, '2025-09-10 12:07:31', NULL, 'QR', 'Hoàn tiền', 'Địa chỉ Auto Gen', NULL),
(57, 66, '2025-02-23 12:07:31', 'Hoàn tất', 48180000.00, '2025-02-26 12:07:31', '2025-02-27 12:07:31', 'COD', 'Đã thanh toán', 'Địa chỉ Auto Gen', NULL),
(58, 39, '2025-06-10 12:07:31', 'Hủy', 36000000.00, NULL, NULL, 'QR', 'Hoàn tiền', 'Địa chỉ Auto Gen', NULL),
(59, 37, '2025-10-08 12:07:31', 'Hoàn tất', 59020000.00, '2025-10-10 12:07:31', '2025-10-11 12:07:31', 'QR', 'Đã thanh toán', 'Địa chỉ Auto Gen', NULL),
(60, 62, '2025-09-27 12:07:31', 'Hoàn tất', 55980000.00, '2025-09-29 12:07:31', '2025-09-30 12:07:31', 'COD', 'Đã thanh toán', 'Địa chỉ Auto Gen', NULL),
(61, 58, '2024-12-26 12:07:31', 'Hoàn tất', 44090000.00, '2024-12-28 12:07:31', '2024-12-29 12:07:31', 'QR', 'Đã thanh toán', 'Địa chỉ Auto Gen', NULL),
(62, 5, '2025-10-08 12:07:31', 'Hoàn tất', 32000000.00, '2025-10-11 12:07:31', '2025-10-12 12:07:31', 'COD', 'Đã thanh toán', 'Địa chỉ Auto Gen', NULL),
(63, 60, '2025-11-07 12:07:31', 'Hoàn tất', 29950000.00, '2025-11-10 12:07:31', '2025-11-11 12:07:31', 'COD', 'Đã thanh toán', 'Địa chỉ Auto Gen', NULL),
(64, 21, '2025-10-19 12:07:31', 'Hoàn tất', 140000000.00, '2025-10-21 12:07:31', '2025-10-22 12:07:31', 'COD', 'Đã thanh toán', 'Địa chỉ Auto Gen', NULL),
(65, 46, '2025-11-10 12:07:31', 'Hủy', 39900000.00, NULL, NULL, 'COD', 'Chưa thanh toán', 'Địa chỉ Auto Gen', NULL),
(66, 29, '2025-09-22 12:07:31', 'Hủy', 23000000.00, NULL, NULL, 'QR', 'Hoàn tiền', 'Địa chỉ Auto Gen', NULL),
(67, 26, '2025-03-29 12:07:31', 'Hoàn tất', 52950000.00, '2025-03-30 12:07:31', '2025-03-31 12:07:31', 'QR', 'Đã thanh toán', 'Địa chỉ Auto Gen', NULL),
(68, 21, '2025-05-27 12:07:31', 'Hủy', 39888000.00, NULL, NULL, 'COD', 'Chưa thanh toán', 'Địa chỉ Auto Gen', NULL),
(69, 55, '2025-10-12 12:07:31', 'Hoàn tất', 27990000.00, '2025-10-15 12:07:31', '2025-10-16 12:07:31', 'QR', 'Đã thanh toán', 'Địa chỉ Auto Gen', NULL),
(70, 31, '2025-10-17 12:07:31', 'Hoàn tất', 27990000.00, '2025-10-19 12:07:31', '2025-10-20 12:07:31', 'COD', 'Đã thanh toán', 'Địa chỉ Auto Gen', NULL),
(71, 3, '2025-04-11 12:07:31', 'Hủy', 51940000.00, NULL, NULL, 'COD', 'Chưa thanh toán', 'Địa chỉ Auto Gen', NULL),
(72, 62, '2025-08-02 12:07:31', 'Hủy', 7990000.00, NULL, NULL, 'QR', 'Hoàn tiền', 'Địa chỉ Auto Gen', NULL),
(73, 54, '2025-09-04 12:07:31', 'Hoàn tất', 52000000.00, '2025-09-07 12:07:31', '2025-09-08 12:07:31', 'QR', 'Đã thanh toán', 'Địa chỉ Auto Gen', NULL),
(74, 22, '2025-09-29 12:07:31', 'Hoàn tất', 54766000.00, '2025-10-01 12:07:31', '2025-10-02 12:07:31', 'COD', 'Đã thanh toán', 'Địa chỉ Auto Gen', NULL),
(75, 67, '2025-01-24 12:07:31', 'Hủy', 70170000.00, NULL, NULL, 'QR', 'Hoàn tiền', 'Địa chỉ Auto Gen', NULL),
(76, 39, '2025-03-23 12:07:31', 'Hoàn tất', 29300000.00, '2025-03-24 12:07:31', '2025-03-25 12:07:31', 'COD', 'Đã thanh toán', 'Địa chỉ Auto Gen', NULL),
(77, 50, '2025-06-08 12:07:31', 'Hoàn tất', 0.00, '2025-06-09 12:07:31', '2025-06-10 12:07:31', 'COD', 'Đã thanh toán', 'Địa chỉ Auto Gen', NULL),
(78, 38, '2025-09-09 12:09:43', 'Hoàn tất', 84360000.00, '2025-09-11 12:09:43', '2025-09-12 12:09:43', 'COD', 'Đã thanh toán', 'Địa chỉ Auto Gen', NULL),
(79, 41, '2025-05-04 12:09:43', 'Hủy', 33980000.00, '2025-05-05 12:09:43', NULL, 'COD', 'Hoàn tiền', 'Địa chỉ Auto Gen', NULL),
(80, 57, '2025-07-06 12:09:43', 'Hoàn tất', 26000000.00, '2025-07-07 12:09:43', '2025-07-08 12:09:43', 'COD', 'Đã thanh toán', 'Địa chỉ Auto Gen', NULL),
(81, 43, '2025-03-21 12:09:43', 'Hoàn tất', 24340000.00, '2025-03-24 12:09:43', '2025-03-25 12:09:43', 'QR', 'Đã thanh toán', 'Địa chỉ Auto Gen', NULL),
(82, 36, '2025-06-11 12:09:43', 'Hoàn tất', 38990000.00, '2025-06-14 12:09:43', '2025-06-15 12:09:43', 'COD', 'Đã thanh toán', 'Địa chỉ Auto Gen', NULL),
(83, 40, '2025-02-27 12:09:43', 'Hoàn tất', 27878000.00, '2025-03-01 12:09:43', '2025-03-02 12:09:43', 'COD', 'Đã thanh toán', 'Địa chỉ Auto Gen', NULL),
(84, 54, '2025-02-04 12:09:43', 'Hoàn tất', 46950000.00, '2025-02-05 12:09:43', '2025-02-06 12:09:43', 'QR', 'Đã thanh toán', 'Địa chỉ Auto Gen', NULL),
(85, 62, '2025-05-01 12:09:43', 'Hoàn tất', 52000000.00, '2025-05-03 12:09:43', '2025-05-04 12:09:43', 'QR', 'Đã thanh toán', 'Địa chỉ Auto Gen', NULL),
(86, 43, '2025-05-28 12:09:43', 'Hoàn tất', 21000000.00, '2025-05-30 12:09:43', '2025-05-31 12:09:43', 'QR', 'Đã thanh toán', 'Địa chỉ Auto Gen', NULL),
(87, 65, '2025-04-08 12:09:43', 'Hủy', 32190000.00, NULL, NULL, 'COD', 'Chưa thanh toán', 'Địa chỉ Auto Gen', NULL),
(88, 67, '2025-07-22 12:09:43', 'Hoàn tất', 44000000.00, '2025-07-25 12:09:43', '2025-07-26 12:09:43', 'QR', 'Đã thanh toán', 'Địa chỉ Auto Gen', NULL),
(89, 53, '2025-01-17 12:09:43', 'Hoàn tất', 16000000.00, '2025-01-18 12:09:43', '2025-01-19 12:09:43', 'QR', 'Đã thanh toán', 'Địa chỉ Auto Gen', NULL),
(90, 49, '2025-08-06 12:09:43', 'Hủy', 18000000.00, NULL, NULL, 'COD', 'Chưa thanh toán', 'Địa chỉ Auto Gen', NULL),
(91, 34, '2025-11-02 12:09:43', 'Hoàn tất', 245222222.00, '2025-11-04 12:09:43', '2025-11-05 12:09:43', 'QR', 'Đã thanh toán', 'Địa chỉ Auto Gen', NULL),
(92, 1, '2025-08-30 12:09:43', 'Hủy', 50000011.00, NULL, NULL, 'QR', 'Hoàn tiền', 'Địa chỉ Auto Gen', NULL),
(93, 53, '2025-08-20 12:09:43', 'Hoàn tất', 32700000.00, '2025-08-21 12:09:43', '2025-08-22 12:09:43', 'COD', 'Đã thanh toán', 'Địa chỉ Auto Gen', NULL),
(94, 6, '2025-04-19 12:09:43', 'Hoàn tất', 182000000.00, '2025-04-20 12:09:43', '2025-04-21 12:09:43', 'QR', 'Đã thanh toán', 'Địa chỉ Auto Gen', NULL),
(95, 66, '2025-08-18 12:09:43', 'Hoàn tất', 50180000.00, '2025-08-19 12:09:43', '2025-08-20 12:09:43', 'COD', 'Đã thanh toán', 'Địa chỉ Auto Gen', NULL),
(96, 64, '2025-03-21 12:09:43', 'Hủy', 230212222.00, NULL, NULL, 'COD', 'Chưa thanh toán', 'Địa chỉ Auto Gen', NULL),
(97, 46, '2025-08-25 12:09:43', 'Hoàn tất', 131101111.00, '2025-08-26 12:09:43', '2025-08-27 12:09:43', 'QR', 'Đã thanh toán', 'Địa chỉ Auto Gen', NULL),
(98, 39, '2025-03-10 12:09:43', 'Hoàn tất', 248122222.00, '2025-03-12 12:09:43', '2025-03-13 12:09:43', 'QR', 'Đã thanh toán', 'Địa chỉ Auto Gen', NULL),
(99, 50, '2025-04-22 12:09:43', 'Hoàn tất', 8990000.00, '2025-04-24 12:09:43', '2025-04-25 12:09:43', 'COD', 'Đã thanh toán', 'Địa chỉ Auto Gen', NULL),
(100, 3, '2025-05-14 12:09:43', 'Hoàn tất', 52000000.00, '2025-05-15 12:09:43', '2025-05-16 12:09:43', 'COD', 'Đã thanh toán', 'Địa chỉ Auto Gen', NULL),
(101, 48, '2025-03-25 12:09:43', 'Hủy', 51000000.00, NULL, NULL, 'QR', 'Hoàn tiền', 'Địa chỉ Auto Gen', NULL),
(102, 25, '2025-11-15 12:09:43', 'Hoàn tất', 16560000.00, '2025-11-16 12:09:43', '2025-11-17 12:09:43', 'QR', 'Đã thanh toán', 'Địa chỉ Auto Gen', NULL),
(103, 65, '2025-11-10 12:09:43', 'Hủy', 72970000.00, NULL, NULL, 'QR', 'Hoàn tiền', 'Địa chỉ Auto Gen', NULL),
(104, 61, '2025-11-06 12:09:43', 'Hoàn tất', 55980000.00, '2025-11-09 12:09:43', '2025-11-10 12:09:43', 'QR', 'Đã thanh toán', 'Địa chỉ Auto Gen', NULL),
(105, 36, '2025-01-22 12:09:43', 'Hủy', 33960000.00, '2025-01-24 12:09:43', NULL, 'QR', 'Hoàn tiền', 'Địa chỉ Auto Gen', NULL),
(106, 30, '2025-11-10 12:09:43', 'Hủy', 34180000.00, '2025-11-13 12:09:43', NULL, 'QR', 'Hoàn tiền', 'Địa chỉ Auto Gen', NULL),
(107, 39, '2025-09-10 12:09:43', 'Hoàn tất', 34890000.00, '2025-09-11 12:09:43', '2025-09-12 12:09:43', 'QR', 'Đã thanh toán', 'Địa chỉ Auto Gen', NULL),
(108, 3, '2025-11-05 12:09:43', 'Hủy', 114650022.00, NULL, NULL, 'COD', 'Chưa thanh toán', 'Địa chỉ Auto Gen', NULL),
(109, 61, '2025-02-15 12:09:43', 'Hoàn tất', 48950000.00, '2025-02-18 12:09:43', '2025-02-19 12:09:43', 'QR', 'Đã thanh toán', 'Địa chỉ Auto Gen', NULL),
(110, 46, '2025-08-13 12:09:43', 'Hủy', 140000000.00, '2025-08-16 12:09:43', NULL, 'COD', 'Hoàn tiền', 'Địa chỉ Auto Gen', NULL),
(111, 23, '2025-11-02 12:09:43', 'Hoàn tất', 69990000.00, '2025-11-04 12:09:43', '2025-11-05 12:09:43', 'QR', 'Đã thanh toán', 'Địa chỉ Auto Gen', NULL),
(112, 62, '2025-02-03 12:09:43', 'Hoàn tất', 92080000.00, '2025-02-06 12:09:43', '2025-02-07 12:09:43', 'COD', 'Đã thanh toán', 'Địa chỉ Auto Gen', NULL),
(113, 65, '2025-07-08 12:09:43', 'Hoàn tất', 56890000.00, '2025-07-11 12:09:43', '2025-07-12 12:09:43', 'COD', 'Đã thanh toán', 'Địa chỉ Auto Gen', NULL),
(114, 5, '2025-02-12 12:09:43', 'Hủy', 71960000.00, NULL, NULL, 'QR', 'Hoàn tiền', 'Địa chỉ Auto Gen', NULL),
(115, 40, '2025-09-04 12:09:43', 'Hoàn tất', 129111111.00, '2025-09-05 12:09:43', '2025-09-06 12:09:43', 'COD', 'Đã thanh toán', 'Địa chỉ Auto Gen', NULL),
(116, 64, '2025-11-16 12:09:43', 'Hủy', 17980000.00, NULL, NULL, 'COD', 'Chưa thanh toán', 'Địa chỉ Auto Gen', NULL),
(117, 49, '2025-01-04 12:09:43', 'Hoàn tất', 55980000.00, '2025-01-07 12:09:43', '2025-01-08 12:09:43', 'COD', 'Đã thanh toán', 'Địa chỉ Auto Gen', NULL),
(118, 6, '2025-05-28 12:09:43', 'Hoàn tất', 24550000.00, '2025-05-31 12:09:43', '2025-06-01 12:09:43', 'QR', 'Đã thanh toán', 'Địa chỉ Auto Gen', NULL),
(119, 47, '2025-09-24 12:09:43', 'Hoàn tất', 32650000.00, '2025-09-26 12:09:43', '2025-09-27 12:09:43', 'COD', 'Đã thanh toán', 'Địa chỉ Auto Gen', NULL),
(120, 3, '2025-03-01 12:09:43', 'Hủy', 58000000.00, NULL, NULL, 'QR', 'Hoàn tiền', 'Địa chỉ Auto Gen', NULL),
(121, 40, '2024-12-30 12:09:43', 'Hoàn tất', 52180000.00, '2024-12-31 12:09:43', '2025-01-01 12:09:43', 'COD', 'Đã thanh toán', 'Địa chỉ Auto Gen', NULL),
(122, 50, '2025-03-31 12:09:43', 'Hủy', 25900000.00, NULL, NULL, 'COD', 'Chưa thanh toán', 'Địa chỉ Auto Gen', NULL),
(123, 1, '2025-08-07 12:09:43', 'Hủy', 66000000.00, '2025-08-09 12:09:43', NULL, 'QR', 'Hoàn tiền', 'Địa chỉ Auto Gen', NULL),
(124, 21, '2025-09-20 12:09:43', 'Hoàn tất', 62120000.00, '2025-09-23 12:09:43', '2025-09-24 12:09:43', 'COD', 'Đã thanh toán', 'Địa chỉ Auto Gen', NULL),
(125, 65, '2025-06-21 12:09:43', 'Hủy', 33550000.00, '2025-06-22 12:09:43', NULL, 'QR', 'Hoàn tiền', 'Địa chỉ Auto Gen', NULL),
(126, 43, '2024-12-21 12:09:44', 'Hủy', 24970000.00, NULL, NULL, 'COD', 'Chưa thanh toán', 'Địa chỉ Auto Gen', NULL),
(127, 60, '2025-02-08 12:09:44', 'Hủy', 58600000.00, NULL, NULL, 'QR', 'Hoàn tiền', 'Địa chỉ Auto Gen', NULL),
(128, 57, '2025-03-26 12:09:44', 'Hoàn tất', 62120000.00, '2025-03-27 12:09:44', '2025-03-28 12:09:44', 'QR', 'Đã thanh toán', 'Địa chỉ Auto Gen', NULL),
(129, 2, '2025-11-01 12:09:44', 'Hoàn tất', 19950000.00, '2025-11-02 12:09:44', '2025-11-03 12:09:44', 'COD', 'Đã thanh toán', 'Địa chỉ Auto Gen', NULL),
(130, 2, '2025-05-31 12:09:44', 'Hủy', 65300000.00, '2025-06-01 12:09:44', NULL, 'QR', 'Hoàn tiền', 'Địa chỉ Auto Gen', NULL),
(131, 48, '2025-05-21 12:09:44', 'Hoàn tất', 60776000.00, '2025-05-23 12:09:44', '2025-05-24 12:09:44', 'COD', 'Đã thanh toán', 'Địa chỉ Auto Gen', NULL),
(132, 27, '2025-06-05 12:09:44', 'Hủy', 14190000.00, NULL, NULL, 'QR', 'Hoàn tiền', 'Địa chỉ Auto Gen', NULL),
(133, 51, '2025-07-13 12:09:44', 'Hoàn tất', 26000000.00, '2025-07-14 12:09:44', '2025-07-15 12:09:44', 'QR', 'Đã thanh toán', 'Địa chỉ Auto Gen', NULL),
(134, 61, '2025-06-29 12:09:44', 'Hoàn tất', 44640000.00, '2025-07-02 12:09:44', '2025-07-03 12:09:44', 'QR', 'Đã thanh toán', 'Địa chỉ Auto Gen', NULL),
(135, 56, '2025-03-03 12:09:44', 'Hoàn tất', 73020000.00, '2025-03-05 12:09:44', '2025-03-06 12:09:44', 'QR', 'Đã thanh toán', 'Địa chỉ Auto Gen', NULL),
(136, 26, '2025-09-23 12:09:44', 'Hủy', 23640000.00, NULL, NULL, 'QR', 'Hoàn tiền', 'Địa chỉ Auto Gen', NULL),
(137, 24, '2025-04-24 12:09:44', 'Hủy', 44180000.00, NULL, NULL, 'COD', 'Chưa thanh toán', 'Địa chỉ Auto Gen', NULL),
(138, 65, '2025-04-07 12:09:44', 'Hoàn tất', 77980000.00, '2025-04-09 12:09:44', '2025-04-10 12:09:44', 'QR', 'Đã thanh toán', 'Địa chỉ Auto Gen', NULL),
(139, 26, '2024-11-27 12:09:44', 'Hoàn tất', 52000000.00, '2024-11-30 12:09:44', '2024-12-01 12:09:44', 'QR', 'Đã thanh toán', 'Địa chỉ Auto Gen', NULL),
(140, 50, '2025-04-21 12:09:44', 'Hoàn tất', 85900000.00, '2025-04-23 12:09:44', '2025-04-24 12:09:44', 'COD', 'Đã thanh toán', 'Địa chỉ Auto Gen', NULL),
(141, 64, '2025-01-12 12:09:44', 'Hoàn tất', 36000000.00, '2025-01-13 12:09:44', '2025-01-14 12:09:44', 'QR', 'Đã thanh toán', 'Địa chỉ Auto Gen', NULL),
(142, 39, '2025-02-19 12:09:44', 'Hoàn tất', 39900000.00, '2025-02-21 12:09:44', '2025-02-22 12:09:44', 'COD', 'Đã thanh toán', 'Địa chỉ Auto Gen', NULL),
(143, 45, '2025-06-14 12:09:44', 'Hủy', 23000000.00, NULL, NULL, 'QR', 'Hoàn tiền', 'Địa chỉ Auto Gen', NULL),
(144, 48, '2025-10-15 12:09:44', 'Hủy', 27990000.00, NULL, NULL, 'COD', 'Chưa thanh toán', 'Địa chỉ Auto Gen', NULL),
(145, 67, '2025-07-01 12:09:44', 'Hoàn tất', 72970000.00, '2025-07-03 12:09:44', '2025-07-04 12:09:44', 'COD', 'Đã thanh toán', 'Địa chỉ Auto Gen', NULL),
(146, 26, '2025-08-23 12:09:44', 'Hoàn tất', 58170000.00, '2025-08-24 12:09:44', '2025-08-25 12:09:44', 'QR', 'Đã thanh toán', 'Địa chỉ Auto Gen', NULL),
(147, 2, '2025-07-15 12:09:44', 'Hoàn tất', 17000000.00, '2025-07-16 12:09:44', '2025-07-17 12:09:44', 'QR', 'Đã thanh toán', 'Địa chỉ Auto Gen', NULL),
(148, 52, '2025-05-18 12:09:44', 'Hoàn tất', 72190000.00, '2025-05-19 12:09:44', '2025-05-20 12:09:44', 'COD', 'Đã thanh toán', 'Địa chỉ Auto Gen', NULL),
(149, 44, '2025-04-02 12:09:44', 'Hoàn tất', 58000000.00, '2025-04-03 12:09:44', '2025-04-04 12:09:44', 'COD', 'Đã thanh toán', 'Địa chỉ Auto Gen', NULL),
(150, 57, '2024-12-08 12:09:44', 'Hủy', 58000000.00, NULL, NULL, 'COD', 'Chưa thanh toán', 'Địa chỉ Auto Gen', NULL),
(151, 57, '2025-01-05 12:09:44', 'Hoàn tất', 25900000.00, '2025-01-07 12:09:44', '2025-01-08 12:09:44', 'COD', 'Đã thanh toán', 'Địa chỉ Auto Gen', NULL),
(152, 45, '2025-01-20 12:09:44', 'Hoàn tất', 14190000.00, '2025-01-21 12:09:44', '2025-01-22 12:09:44', 'COD', 'Đã thanh toán', 'Địa chỉ Auto Gen', NULL),
(153, 61, '2024-12-13 12:09:44', 'Hoàn tất', 25000000.00, '2024-12-16 12:09:44', '2024-12-17 12:09:44', 'COD', 'Đã thanh toán', 'Địa chỉ Auto Gen', NULL),
(154, 37, '2025-03-12 12:09:44', 'Hoàn tất', 26000000.00, '2025-03-15 12:09:44', '2025-03-16 12:09:44', 'COD', 'Đã thanh toán', 'Địa chỉ Auto Gen', NULL),
(155, 4, '2025-10-19 12:09:44', 'Hoàn tất', 91980000.00, '2025-10-22 12:09:44', '2025-10-23 12:09:44', 'QR', 'Đã thanh toán', 'Địa chỉ Auto Gen', NULL),
(156, 51, '2024-12-12 12:09:44', 'Hoàn tất', 24090000.00, '2024-12-15 12:09:44', '2024-12-16 12:09:44', 'QR', 'Đã thanh toán', 'Địa chỉ Auto Gen', NULL),
(157, 58, '2024-12-18 12:09:44', 'Hoàn tất', 178990000.00, '2024-12-19 12:09:44', '2024-12-20 12:09:44', 'QR', 'Đã thanh toán', 'Địa chỉ Auto Gen', NULL),
(158, 52, '2025-06-17 12:09:44', 'Hoàn tất', 52000000.00, '2025-06-20 12:09:44', '2025-06-21 12:09:44', 'COD', 'Đã thanh toán', 'Địa chỉ Auto Gen', NULL),
(159, 22, '2025-06-08 12:09:44', 'Hoàn tất', 51966000.00, '2025-06-11 12:09:44', '2025-06-12 12:09:44', 'COD', 'Đã thanh toán', 'Địa chỉ Auto Gen', NULL),
(160, 27, '2024-12-03 12:09:44', 'Hoàn tất', 105980000.00, '2024-12-05 12:09:44', '2024-12-06 12:09:44', 'COD', 'Đã thanh toán', 'Địa chỉ Auto Gen', NULL),
(161, 26, '2025-06-19 12:09:44', 'Hoàn tất', 32700000.00, '2025-06-20 12:09:44', '2025-06-21 12:09:44', 'QR', 'Đã thanh toán', 'Địa chỉ Auto Gen', NULL),
(162, 1, '2025-05-12 12:09:44', 'Hủy', 58000000.00, NULL, NULL, 'QR', 'Hoàn tiền', 'Địa chỉ Auto Gen', NULL),
(163, 39, '2025-08-11 12:09:44', 'Hoàn tất', 81180000.00, '2025-08-14 12:09:44', '2025-08-15 12:09:44', 'COD', 'Đã thanh toán', 'Địa chỉ Auto Gen', NULL),
(164, 56, '2025-06-02 12:09:44', 'Hoàn tất', 107980000.00, '2025-06-04 12:09:44', '2025-06-05 12:09:44', 'QR', 'Đã thanh toán', 'Địa chỉ Auto Gen', NULL),
(165, 42, '2025-06-10 12:09:44', 'Hủy', 14190000.00, NULL, NULL, 'QR', 'Hoàn tiền', 'Địa chỉ Auto Gen', NULL),
(166, 45, '2025-10-28 12:09:44', 'Hoàn tất', 70170000.00, '2025-10-31 12:09:44', '2025-11-01 12:09:44', 'QR', 'Đã thanh toán', 'Địa chỉ Auto Gen', NULL),
(167, 47, '2025-01-16 12:09:44', 'Hủy', 58000000.00, NULL, NULL, 'COD', 'Chưa thanh toán', 'Địa chỉ Auto Gen', NULL),
(168, 24, '2025-04-21 12:09:44', 'Hủy', 22000000.00, '2025-04-23 12:09:44', NULL, 'COD', 'Hoàn tiền', 'Địa chỉ Auto Gen', NULL),
(169, 33, '2025-04-05 12:09:44', 'Hoàn tất', 63990000.00, '2025-04-07 12:09:44', '2025-04-08 12:09:44', 'QR', 'Đã thanh toán', 'Địa chỉ Auto Gen', NULL),
(170, 45, '2025-08-06 12:09:44', 'Hoàn tất', 21000000.00, '2025-08-07 12:09:44', '2025-08-08 12:09:44', 'COD', 'Đã thanh toán', 'Địa chỉ Auto Gen', NULL),
(171, 30, '2025-04-10 12:09:44', 'Hoàn tất', 40550000.00, '2025-04-11 12:09:44', '2025-04-12 12:09:44', 'COD', 'Đã thanh toán', 'Địa chỉ Auto Gen', NULL),
(172, 36, '2025-01-01 12:09:44', 'Hoàn tất', 25900000.00, '2025-01-03 12:09:44', '2025-01-04 12:09:44', 'QR', 'Đã thanh toán', 'Địa chỉ Auto Gen', NULL),
(173, 46, '2024-12-15 12:09:44', 'Hoàn tất', 28380000.00, '2024-12-18 12:09:44', '2024-12-19 12:09:44', 'COD', 'Đã thanh toán', 'Địa chỉ Auto Gen', NULL),
(174, 59, '2025-04-08 12:09:44', 'Hoàn tất', 20000000.00, '2025-04-09 12:09:44', '2025-04-10 12:09:44', 'COD', 'Đã thanh toán', 'Địa chỉ Auto Gen', NULL),
(175, 59, '2024-12-31 12:09:44', 'Hoàn tất', 16990000.00, '2025-01-01 12:09:44', '2025-01-02 12:09:44', 'COD', 'Đã thanh toán', 'Địa chỉ Auto Gen', NULL),
(176, 64, '2025-06-18 12:09:44', 'Hoàn tất', 26000000.00, '2025-06-20 12:09:44', '2025-06-21 12:09:44', 'QR', 'Đã thanh toán', 'Địa chỉ Auto Gen', NULL),
(177, 58, '2025-04-26 12:09:44', 'Hoàn tất', 17980000.00, '2025-04-27 12:09:44', '2025-04-28 12:09:44', 'COD', 'Đã thanh toán', 'Địa chỉ Auto Gen', NULL),
(178, 2, '2025-11-22 13:02:58', 'Đã giao', 26000000.00, '2025-12-05 15:09:12', NULL, 'COD', 'Đã thanh toán', 'Xóm 12 - Hải Thắng - Minh Thái - Ninh Bình', NULL),
(179, 2, '2025-11-22 13:04:12', 'Đã giao', 190320000.00, '2025-12-05 15:09:12', NULL, 'QR', 'Đã thanh toán', 'Xóm 12 - Hải Thắng - Minh Thái - Ninh Bình', NULL),
(180, 3, '2025-11-22 13:55:03', 'Đã giao', 26970000.00, '2025-12-05 15:09:12', NULL, 'QR', 'Đã thanh toán', 'Nghệ An', NULL),
(181, 3, '2025-11-22 13:55:42', 'Hoàn tất', 46000000.00, '2025-11-29 15:29:24', '2025-12-05 13:46:17', 'QR', 'Đã thanh toán', 'Nghệ An', NULL),
(182, 2, '2025-12-05 13:46:05', 'Hoàn tất', 50000000.00, '2025-12-05 13:46:40', '2025-12-05 14:54:27', 'QR', 'Đã thanh toán', 'Xóm 12 - Hải Thắng - Minh Thái - Ninh Bình', NULL),
(183, 4, '2025-12-05 14:51:13', 'Đã giao', 41090000.00, '2025-12-05 15:09:12', NULL, 'COD', 'Đã thanh toán', 'Địa chỉ ngẫu nhiên, Việt Nam', NULL),
(184, 19, '2025-12-05 14:52:29', 'Đã giao', 52000000.00, '2025-12-05 15:09:12', NULL, 'COD', 'Đã thanh toán', 'Địa chỉ ngẫu nhiên, Việt Nam', NULL),
(185, 20, '2025-12-05 14:53:26', 'Đã giao', 64180000.00, '2025-12-05 15:09:12', NULL, 'COD', 'Đã thanh toán', 'Địa chỉ ngẫu nhiên, Việt Nam', NULL),
(186, 3, '2025-12-05 15:44:26', 'Chờ xác nhận', 357890000.00, NULL, NULL, 'COD', 'Chưa thanh toán', 'Nghệ An', NULL),
(187, 3, '2025-12-05 15:51:30', 'Chờ xác nhận', 18000000.00, NULL, NULL, 'COD', 'Chưa thanh toán', 'Nghệ An', NULL);

-- --------------------------------------------------------

--
-- Cấu trúc bảng cho bảng `giohang`
--

CREATE TABLE `giohang` (
  `maGiohang` int(11) NOT NULL,
  `maND` int(11) NOT NULL,
  `ngayTao` datetime NOT NULL DEFAULT current_timestamp(),
  `trangThai` enum('Chưa đặt','Đã đặt','Đã thanh toán','Hủy') DEFAULT 'Chưa đặt'
) ENGINE=InnoDB DEFAULT CHARSET=utf8mb4 COLLATE=utf8mb4_general_ci;

--
-- Đang đổ dữ liệu cho bảng `giohang`
--

INSERT INTO `giohang` (`maGiohang`, `maND`, `ngayTao`, `trangThai`) VALUES
(1, 2, '2025-10-13 00:00:00', 'Đã đặt'),
(4, 2, '2025-10-24 00:00:00', 'Đã đặt'),
(5, 2, '2025-10-24 00:00:00', 'Đã đặt'),
(6, 2, '2025-10-25 00:00:00', 'Đã đặt'),
(7, 1, '2025-10-25 00:00:00', 'Đã đặt'),
(8, 1, '2025-10-25 00:00:00', 'Đã đặt'),
(9, 3, '2025-11-07 00:00:00', 'Đã đặt'),
(10, 2, '2025-11-07 00:00:00', 'Đã đặt'),
(11, 1, '2025-11-07 00:00:00', 'Chưa đặt'),
(12, 70, '2025-11-21 00:00:00', 'Chưa đặt'),
(13, 2, '2025-11-22 00:00:00', 'Đã đặt'),
(14, 71, '2025-11-22 00:00:00', 'Chưa đặt'),
(15, 72, '2025-11-22 00:00:00', 'Chưa đặt'),
(16, 2, '2025-12-05 00:00:00', 'Chưa đặt'),
(17, 4, '2025-12-05 00:00:00', 'Đã đặt'),
(18, 4, '2025-12-05 00:00:00', 'Chưa đặt'),
(19, 19, '2025-12-05 00:00:00', 'Đã đặt'),
(20, 19, '2025-12-05 00:00:00', 'Chưa đặt'),
(21, 20, '2025-12-05 00:00:00', 'Đã đặt'),
(22, 20, '2025-12-05 00:00:00', 'Chưa đặt'),
(23, 3, '2025-12-05 00:00:00', 'Chưa đặt');

-- --------------------------------------------------------

--
-- Cấu trúc bảng cho bảng `loai`
--

CREATE TABLE `loai` (
  `maLoai` int(11) NOT NULL,
  `tenLoai` varchar(100) NOT NULL
) ENGINE=InnoDB DEFAULT CHARSET=utf8mb4 COLLATE=utf8mb4_general_ci;

--
-- Đang đổ dữ liệu cho bảng `loai`
--

INSERT INTO `loai` (`maLoai`, `tenLoai`) VALUES
(1, 'Android'),
(4, 'IOS');

-- --------------------------------------------------------

--
-- Cấu trúc bảng cho bảng `nguoidung`
--

CREATE TABLE `nguoidung` (
  `maND` int(11) NOT NULL,
  `tenND` varchar(100) NOT NULL,
  `matkhau` varchar(100) NOT NULL,
  `quyen` varchar(10) NOT NULL,
  `email` varchar(100) NOT NULL,
  `sdt` varchar(20) NOT NULL,
  `diachi` varchar(200) NOT NULL,
  `otp` varchar(50) DEFAULT NULL,
  `otp_expiry` datetime DEFAULT NULL
) ENGINE=InnoDB DEFAULT CHARSET=utf8mb4 COLLATE=utf8mb4_general_ci;

--
-- Đang đổ dữ liệu cho bảng `nguoidung`
--

INSERT INTO `nguoidung` (`maND`, `tenND`, `matkhau`, `quyen`, `email`, `sdt`, `diachi`, `otp`, `otp_expiry`) VALUES
(1, 'Admin_Dzz', 'admin', 'admin', 'admin@gmail.com', '0123456789', 'Hoàng Mai - Hà Nội', NULL, '2025-11-22 12:55:33'),
(2, 'Nguyễn Vân Anh', '123456789', 'admin', 'nvanh1999@gmail', '0999868888', 'Xóm 12 - Hải Thắng - Minh Thái - Ninh Bình', '315812', '2025-11-22 14:03:22'),
(3, 'Lê Ngọc Quyền', '123456', 'user', 'ngocquyenle12102004@gmail.com', '0999868887', 'Nghệ An', '594794', '2025-12-05 15:46:58'),
(4, 'Khách Hàng 4', '123456', 'user', 'khachhang4@gmail.com', '0926369998', 'Địa chỉ ngẫu nhiên, Việt Nam', NULL, '2025-11-22 12:55:33'),
(5, 'Khách Hàng 6', '123456', 'user', 'khachhang6@gmail.com', '0956701649', 'Địa chỉ ngẫu nhiên, Việt Nam', NULL, '2025-11-22 12:55:33'),
(6, 'Khách Hàng 5', '123456', 'user', 'khachhang5@gmail.com', '094398253', 'Địa chỉ ngẫu nhiên, Việt Nam', NULL, '2025-11-22 12:55:33'),
(19, 'Khách Hàng 1931', '123456', 'user', 'khachhang_108054@gmail.com', '0996090383', 'Địa chỉ ngẫu nhiên, Việt Nam', NULL, '2025-11-22 12:55:33'),
(20, 'Khách Hàng 4803', '123456', 'user', 'khachhang_519060@gmail.com', '0915423987', 'Địa chỉ ngẫu nhiên, Việt Nam', NULL, '2025-11-22 12:55:33'),
(21, 'Khách Hàng 2140', '123456', 'user', 'khachhang_607368@gmail.com', '0939478779', 'Địa chỉ ngẫu nhiên, Việt Nam', NULL, '2025-11-22 12:55:33'),
(22, 'Khách Hàng 1518', '123456', 'user', 'khachhang_574810@gmail.com', '0941854903', 'Địa chỉ ngẫu nhiên, Việt Nam', NULL, '2025-11-22 12:55:33'),
(23, 'Khách Hàng 3683', '123456', 'user', 'khachhang_585918@gmail.com', '0982465358', 'Địa chỉ ngẫu nhiên, Việt Nam', NULL, '2025-11-22 12:55:33'),
(24, 'Khách Hàng 3655', '123456', 'user', 'khachhang_353600@gmail.com', '0967146469', 'Địa chỉ ngẫu nhiên, Việt Nam', NULL, '2025-11-22 12:55:33'),
(25, 'Khách Hàng 2965', '123456', 'user', 'khachhang_468219@gmail.com', '0945153044', 'Địa chỉ ngẫu nhiên, Việt Nam', NULL, '2025-11-22 12:55:33'),
(26, 'Khách Hàng 8529', '123456', 'user', 'khachhang_910373@gmail.com', '0999289023', 'Địa chỉ ngẫu nhiên, Việt Nam', NULL, '2025-11-22 12:55:33'),
(27, 'Khách Hàng 2333', '123456', 'user', 'khachhang_187977@gmail.com', '0923989881', 'Địa chỉ ngẫu nhiên, Việt Nam', NULL, '2025-11-22 12:55:33'),
(28, 'Khách Hàng 6355', '123456', 'user', 'khachhang_458110@gmail.com', '0938387010', 'Địa chỉ ngẫu nhiên, Việt Nam', NULL, '2025-11-22 12:55:33'),
(29, 'Khách Hàng 5450', '123456', 'user', 'khachhang_573479@gmail.com', '0923234219', 'Địa chỉ ngẫu nhiên, Việt Nam', NULL, '2025-11-22 12:55:33'),
(30, 'Khách Hàng 4412', '123456', 'user', 'khachhang_509340@gmail.com', '0922288402', 'Địa chỉ ngẫu nhiên, Việt Nam', NULL, '2025-11-22 12:55:33'),
(31, 'Khách Hàng 5863', '123456', 'user', 'khachhang_263335@gmail.com', '0955748418', 'Địa chỉ ngẫu nhiên, Việt Nam', NULL, '2025-11-22 12:55:33'),
(32, 'Khách Hàng 9974', '123456', 'user', 'khachhang_314622@gmail.com', '0958086794', 'Địa chỉ ngẫu nhiên, Việt Nam', NULL, '2025-11-22 12:55:33'),
(33, 'Khách Hàng 9604', '123456', 'user', 'khachhang_59756@gmail.com', '0941736443', 'Địa chỉ ngẫu nhiên, Việt Nam', NULL, '2025-11-22 12:55:33'),
(34, 'Khách Hàng 9075', '123456', 'user', 'khachhang_285676@gmail.com', '0970572213', 'Địa chỉ ngẫu nhiên, Việt Nam', NULL, '2025-11-22 12:55:33'),
(35, 'Khách Hàng 6715', '123456', 'user', 'khachhang_240734@gmail.com', '0918893277', 'Địa chỉ ngẫu nhiên, Việt Nam', NULL, '2025-11-22 12:55:33'),
(36, 'Khách Hàng 2224', '123456', 'user', 'khachhang_545501@gmail.com', '096012592', 'Địa chỉ ngẫu nhiên, Việt Nam', NULL, '2025-11-22 12:55:33'),
(37, 'Khách Hàng 6641', '123456', 'user', 'khachhang_140253@gmail.com', '0970889085', 'Địa chỉ ngẫu nhiên, Việt Nam', NULL, '2025-11-22 12:55:33'),
(38, 'Khách Hàng 1236', '123456', 'user', 'khachhang_491789@gmail.com', '098786988', 'Địa chỉ ngẫu nhiên, Việt Nam', NULL, '2025-11-22 12:55:33'),
(39, 'Khách Hàng 9639', '123456', 'user', 'khachhang_556296@gmail.com', '0988953929', 'Địa chỉ ngẫu nhiên, Việt Nam', NULL, '2025-11-22 12:55:33'),
(40, 'Khách Hàng 7788', '123456', 'user', 'khachhang_225415@gmail.com', '0979065867', 'Địa chỉ ngẫu nhiên, Việt Nam', NULL, '2025-11-22 12:55:33'),
(41, 'Khách Hàng 2770', '123456', 'user', 'khachhang_13254@gmail.com', '0923513413', 'Địa chỉ ngẫu nhiên, Việt Nam', NULL, '2025-11-22 12:55:33'),
(42, 'Khách Hàng 1359', '123456', 'user', 'khachhang_974134@gmail.com', '0946294839', 'Địa chỉ ngẫu nhiên, Việt Nam', NULL, '2025-11-22 12:55:33'),
(43, 'Khách Hàng 3923', '123456', 'user', 'khachhang_572854@gmail.com', '0968725132', 'Địa chỉ ngẫu nhiên, Việt Nam', NULL, '2025-11-22 12:55:33'),
(44, 'Khách Hàng 7176', '123456', 'user', 'khachhang_526716@gmail.com', '0948050125', 'Địa chỉ ngẫu nhiên, Việt Nam', NULL, '2025-11-22 12:55:33'),
(45, 'Khách Hàng 8223', '123456', 'user', 'khachhang_670276@gmail.com', '0988431609', 'Địa chỉ ngẫu nhiên, Việt Nam', NULL, '2025-11-22 12:55:33'),
(46, 'Khách Hàng 4107', '123456', 'user', 'khachhang_400801@gmail.com', '0977175570', 'Địa chỉ ngẫu nhiên, Việt Nam', NULL, '2025-11-22 12:55:33'),
(47, 'Khách Hàng 6563', '123456', 'user', 'khachhang_966609@gmail.com', '0986392303', 'Địa chỉ ngẫu nhiên, Việt Nam', NULL, '2025-11-22 12:55:33'),
(48, 'Khách Hàng 4197', '123456', 'user', 'khachhang_507159@gmail.com', '0927644071', 'Địa chỉ ngẫu nhiên, Việt Nam', NULL, '2025-11-22 12:55:33'),
(49, 'Khách Hàng 8607', '123456', 'user', 'khachhang_474302@gmail.com', '0978933652', 'Địa chỉ ngẫu nhiên, Việt Nam', NULL, '2025-11-22 12:55:33'),
(50, 'Khách Hàng 5237', '123456', 'user', 'khachhang_250870@gmail.com', '0968302412', 'Địa chỉ ngẫu nhiên, Việt Nam', NULL, '2025-11-22 12:55:33'),
(51, 'Khách Hàng 6625', '123456', 'user', 'khachhang_263474@gmail.com', '0932984579', 'Địa chỉ ngẫu nhiên, Việt Nam', NULL, '2025-11-22 12:55:33'),
(52, 'Khách Hàng 8588', '123456', 'user', 'khachhang_304485@gmail.com', '0994601370', 'Địa chỉ ngẫu nhiên, Việt Nam', NULL, '2025-11-22 12:55:33'),
(53, 'Khách Hàng 8166', '123456', 'user', 'khachhang_245019@gmail.com', '0977526182', 'Địa chỉ ngẫu nhiên, Việt Nam', NULL, '2025-11-22 12:55:33'),
(54, 'Khách Hàng 1412', '123456', 'user', 'khachhang_380465@gmail.com', '0947857729', 'Địa chỉ ngẫu nhiên, Việt Nam', NULL, '2025-11-22 12:55:33'),
(55, 'Khách Hàng 2514', '123456', 'user', 'khachhang_821717@gmail.com', '0935411619', 'Địa chỉ ngẫu nhiên, Việt Nam', NULL, '2025-11-22 12:55:33'),
(56, 'Khách Hàng 3054', '123456', 'user', 'khachhang_464799@gmail.com', '0940770980', 'Địa chỉ ngẫu nhiên, Việt Nam', NULL, '2025-11-22 12:55:33'),
(57, 'Khách Hàng 6441', '123456', 'user', 'khachhang_997619@gmail.com', '095564898', 'Địa chỉ ngẫu nhiên, Việt Nam', NULL, '2025-11-22 12:55:33'),
(58, 'Khách Hàng 2853', '123456', 'user', 'khachhang_259982@gmail.com', '0944375535', 'Địa chỉ ngẫu nhiên, Việt Nam', NULL, '2025-11-22 12:55:33'),
(59, 'Khách Hàng 4388', '123456', 'user', 'khachhang_862878@gmail.com', '0999790720', 'Địa chỉ ngẫu nhiên, Việt Nam', NULL, '2025-11-22 12:55:33'),
(60, 'Khách Hàng 4008', '123456', 'user', 'khachhang_10776@gmail.com', '0985118369', 'Địa chỉ ngẫu nhiên, Việt Nam', NULL, '2025-11-22 12:55:33'),
(61, 'Khách Hàng 2235', '123456', 'user', 'khachhang_564393@gmail.com', '0915120279', 'Địa chỉ ngẫu nhiên, Việt Nam', NULL, '2025-11-22 12:55:33'),
(62, 'Khách Hàng 628', '123456', 'user', 'khachhang_860552@gmail.com', '0911426538', 'Địa chỉ ngẫu nhiên, Việt Nam', NULL, '2025-11-22 12:55:33'),
(63, 'Khách Hàng 9896', '123456', 'user', 'khachhang_605553@gmail.com', '095875701', 'Địa chỉ ngẫu nhiên, Việt Nam', NULL, '2025-11-22 12:55:33'),
(64, 'Khách Hàng 4771', '123456', 'user', 'khachhang_209354@gmail.com', '0961539749', 'Địa chỉ ngẫu nhiên, Việt Nam', NULL, '2025-11-22 12:55:33'),
(65, 'Khách Hàng 4489', '123456', 'user', 'khachhang_398426@gmail.com', '0964536151', 'Địa chỉ ngẫu nhiên, Việt Nam', NULL, '2025-11-22 12:55:33'),
(66, 'Khách Hàng 315', '123456', 'user', 'khachhang_221554@gmail.com', '091319076', 'Địa chỉ ngẫu nhiên, Việt Nam', NULL, '2025-11-22 12:55:33'),
(67, 'Khách Hàng 4012', '123456', 'user', 'khachhang_966873@gmail.com', '0963050180', 'Địa chỉ ngẫu nhiên, Việt Nam', NULL, '2025-11-22 12:55:33'),
(68, 'Khách Hàng 2518', '123456', 'user', 'khachhang_367931@gmail.com', '098399523', 'Địa chỉ ngẫu nhiên, Việt Nam', NULL, '2025-11-22 12:55:33'),
(69, 'Lê Ngọc Quyền', '123456', 'user', 'vuxuanphuc@gmail.com', '0999868888', 'Hà Nội', NULL, '2025-11-22 12:55:33'),
(70, 'Nguyễn Thị Anh', '123456', 'user', 'vuvietchien@gmail.com', '', '', NULL, '2025-11-22 12:55:33'),
(71, 'Lê Ngọc Quyền', '123456', 'user', 'lengocquyen2006@gmail.com', '', '', NULL, '2025-11-22 13:05:19'),
(72, 'Nguyễn Văn Anh', '123', 'user', 'nvanh2000@gmail', '', '', NULL, NULL);

--
-- Chỉ mục cho các bảng đã đổ
--

--
-- Chỉ mục cho bảng `bienthedienthoai`
--
ALTER TABLE `bienthedienthoai`
  ADD PRIMARY KEY (`maBienthe`),
  ADD KEY `fk_bienthedienthoai_dienthoai` (`maDT`);

--
-- Chỉ mục cho bảng `chitietgiohang`
--
ALTER TABLE `chitietgiohang`
  ADD PRIMARY KEY (`maCTGH`),
  ADD KEY `fk_ctgh_bienthe` (`maBienthe`),
  ADD KEY `maGiohang` (`maGiohang`,`maBienthe`);

--
-- Chỉ mục cho bảng `chitiethoadon`
--
ALTER TABLE `chitiethoadon`
  ADD PRIMARY KEY (`maDH`,`maBienthe`) USING BTREE,
  ADD KEY `fk_chitiethoadon_bienthedienthoai` (`maBienthe`);

--
-- Chỉ mục cho bảng `danhgia`
--
ALTER TABLE `danhgia`
  ADD PRIMARY KEY (`maDanhGia`),
  ADD KEY `fk_danhgia_nguoidung` (`maND`),
  ADD KEY `fk_danhgia_dienthoai` (`maDT`),
  ADD KEY `fk_danhgia_donhang` (`maDH`);

--
-- Chỉ mục cho bảng `dienthoai`
--
ALTER TABLE `dienthoai`
  ADD PRIMARY KEY (`maDT`),
  ADD KEY `fk_dienthoai_loai` (`maLoai`);

--
-- Chỉ mục cho bảng `doanhthu`
--
ALTER TABLE `doanhthu`
  ADD PRIMARY KEY (`maDTu`),
  ADD KEY `fk_doanhthu_donhang` (`maDH`),
  ADD KEY `fk_doanhthu_nguoidung` (`maND`);

--
-- Chỉ mục cho bảng `donhang`
--
ALTER TABLE `donhang`
  ADD PRIMARY KEY (`maDH`),
  ADD KEY `fk_donhang_nguoidung` (`maND`),
  ADD KEY `trangThai` (`trangThai`);

--
-- Chỉ mục cho bảng `giohang`
--
ALTER TABLE `giohang`
  ADD PRIMARY KEY (`maGiohang`),
  ADD KEY `maND` (`maND`,`trangThai`);

--
-- Chỉ mục cho bảng `loai`
--
ALTER TABLE `loai`
  ADD PRIMARY KEY (`maLoai`);

--
-- Chỉ mục cho bảng `nguoidung`
--
ALTER TABLE `nguoidung`
  ADD PRIMARY KEY (`maND`),
  ADD KEY `email` (`email`);

--
-- AUTO_INCREMENT cho các bảng đã đổ
--

--
-- AUTO_INCREMENT cho bảng `bienthedienthoai`
--
ALTER TABLE `bienthedienthoai`
  MODIFY `maBienthe` int(11) NOT NULL AUTO_INCREMENT, AUTO_INCREMENT=51;

--
-- AUTO_INCREMENT cho bảng `chitietgiohang`
--
ALTER TABLE `chitietgiohang`
  MODIFY `maCTGH` int(11) NOT NULL AUTO_INCREMENT, AUTO_INCREMENT=29;

--
-- AUTO_INCREMENT cho bảng `danhgia`
--
ALTER TABLE `danhgia`
  MODIFY `maDanhGia` int(11) NOT NULL AUTO_INCREMENT, AUTO_INCREMENT=3;

--
-- AUTO_INCREMENT cho bảng `dienthoai`
--
ALTER TABLE `dienthoai`
  MODIFY `maDT` int(11) NOT NULL AUTO_INCREMENT, AUTO_INCREMENT=17;

--
-- AUTO_INCREMENT cho bảng `doanhthu`
--
ALTER TABLE `doanhthu`
  MODIFY `maDTu` int(11) NOT NULL AUTO_INCREMENT, AUTO_INCREMENT=204;

--
-- AUTO_INCREMENT cho bảng `donhang`
--
ALTER TABLE `donhang`
  MODIFY `maDH` int(11) NOT NULL AUTO_INCREMENT, AUTO_INCREMENT=188;

--
-- AUTO_INCREMENT cho bảng `giohang`
--
ALTER TABLE `giohang`
  MODIFY `maGiohang` int(11) NOT NULL AUTO_INCREMENT, AUTO_INCREMENT=24;

--
-- AUTO_INCREMENT cho bảng `loai`
--
ALTER TABLE `loai`
  MODIFY `maLoai` int(11) NOT NULL AUTO_INCREMENT, AUTO_INCREMENT=9;

--
-- AUTO_INCREMENT cho bảng `nguoidung`
--
ALTER TABLE `nguoidung`
  MODIFY `maND` int(11) NOT NULL AUTO_INCREMENT, AUTO_INCREMENT=73;

--
-- Các ràng buộc cho các bảng đã đổ
--

--
-- Các ràng buộc cho bảng `bienthedienthoai`
--
ALTER TABLE `bienthedienthoai`
  ADD CONSTRAINT `fk_bienthedienthoai_dienthoai` FOREIGN KEY (`maDT`) REFERENCES `dienthoai` (`maDT`);

--
-- Các ràng buộc cho bảng `chitietgiohang`
--
ALTER TABLE `chitietgiohang`
  ADD CONSTRAINT `fk_ctgh_bienthe` FOREIGN KEY (`maBienthe`) REFERENCES `bienthedienthoai` (`maBienthe`),
  ADD CONSTRAINT `fk_ctgh_giohang` FOREIGN KEY (`maGiohang`) REFERENCES `giohang` (`maGiohang`);

--
-- Các ràng buộc cho bảng `chitiethoadon`
--
ALTER TABLE `chitiethoadon`
  ADD CONSTRAINT `fk_chitiethoadon_bienthedienthoai` FOREIGN KEY (`maBienthe`) REFERENCES `bienthedienthoai` (`maBienthe`),
  ADD CONSTRAINT `fk_chitiethoadon_donhang` FOREIGN KEY (`maDH`) REFERENCES `donhang` (`maDH`);

--
-- Các ràng buộc cho bảng `danhgia`
--
ALTER TABLE `danhgia`
  ADD CONSTRAINT `fk_danhgia_dienthoai` FOREIGN KEY (`maDT`) REFERENCES `dienthoai` (`maDT`),
  ADD CONSTRAINT `fk_danhgia_donhang` FOREIGN KEY (`maDH`) REFERENCES `donhang` (`maDH`),
  ADD CONSTRAINT `fk_danhgia_nguoidung` FOREIGN KEY (`maND`) REFERENCES `nguoidung` (`maND`);

--
-- Các ràng buộc cho bảng `dienthoai`
--
ALTER TABLE `dienthoai`
  ADD CONSTRAINT `fk_dienthoai_loai` FOREIGN KEY (`maLoai`) REFERENCES `loai` (`maLoai`);

--
-- Các ràng buộc cho bảng `doanhthu`
--
ALTER TABLE `doanhthu`
  ADD CONSTRAINT `fk_doanhthu_donhang` FOREIGN KEY (`maDH`) REFERENCES `donhang` (`maDH`),
  ADD CONSTRAINT `fk_doanhthu_nguoidung` FOREIGN KEY (`maND`) REFERENCES `nguoidung` (`maND`);

--
-- Các ràng buộc cho bảng `donhang`
--
ALTER TABLE `donhang`
  ADD CONSTRAINT `fk_donhang_nguoidung` FOREIGN KEY (`maND`) REFERENCES `nguoidung` (`maND`);

--
-- Các ràng buộc cho bảng `giohang`
--
ALTER TABLE `giohang`
  ADD CONSTRAINT `fk_giohang_nguoidung` FOREIGN KEY (`maND`) REFERENCES `nguoidung` (`maND`);
COMMIT;

/*!40101 SET CHARACTER_SET_CLIENT=@OLD_CHARACTER_SET_CLIENT */;
/*!40101 SET CHARACTER_SET_RESULTS=@OLD_CHARACTER_SET_RESULTS */;
/*!40101 SET COLLATION_CONNECTION=@OLD_COLLATION_CONNECTION */;
